customer_id,customer_name,gender,age,city,region_id,signup_date,customer_type,behavior_profile
C0001,Customer 0001,Female,34,Jessore,R04,2024-04-29,Individual,Occasional
C0002,Customer 0002,Male,32,Dinajpur,R06,2023-01-28,Individual,Regular
C0003,Customer 0003,Female,29,Pabna,R03,2023-01-14,Individual,Regular
C0004,Customer 0004,Female,20,Barishal,R07,2023-08-15,Individual,Occasional
C0005,Customer 0005,Male,34,Netrokona,R08,2024-09-01,Business,Regular
C0006,Customer 0006,Female,18,Jessore,R04,2023-06-20,Individual,Regular
C0007,Customer 0007,Male,36,Chattogram,R02,2023-05-14,Individual,Frequent
C0008,Customer 0008,Male,28,Barishal,R07,2023-07-28,Individual,Occasional
C0009,Customer 0009,Female,29,Chattogram,R02,2023-04-16,Individual,One-Time
C0010,Customer 0010,Female,43,Bhola,R07,2023-07-02,Business,Regular
C0011,Customer 0011,Male,35,Rangpur,R06,2023-08-22,Business,One-Time
C0012,Customer 0012,Female,18,Sylhet,R05,2023-07-12,Business,Regular
C0013,Customer 0013,Female,40,Jessore,R04,2023-12-09,Business,One-Time
C0014,Customer 0014,Female,34,Satkhira,R04,2023-11-27,Individual,Occasional
C0015,Customer 0015,Male,36,Gazipur,R01,2023-05-31,Individual,Regular
C0016,Customer 0016,Male,42,Jessore,R04,2023-05-01,Individual,Regular
C0017,Customer 0017,Female,22,Dhaka,R01,2023-03-06,Individual,Regular
C0018,Customer 0018,Male,40,Dhaka,R01,2023-08-28,Individual,Occasional
C0019,Customer 0019,Female,37,Barishal,R07,2023-07-09,Individual,Regular
C0020,Customer 0020,Female,36,Moulvibazar,R05,2024-01-27,Individual,Regular
C0021,Customer 0021,Male,36,Habiganj,R05,2024-11-24,Individual,Occasional
C0022,Customer 0022,Female,18,Chattogram,R02,2023-08-07,Individual,Regular
C0023,Customer 0023,Male,41,Pirojpur,R07,2023-02-08,Individual,Frequent
C0024,Customer 0024,Female,23,Rajshahi,R03,2023-06-10,Individual,Occasional
C0025,Customer 0025,Male,26,Cumilla,R02,2024-08-15,Individual,Frequent
C0026,Customer 0026,Male,38,Habiganj,R05,2023-03-23,Individual,Occasional
C0027,Customer 0027,Male,40,Habiganj,R05,2024-07-13,Business,One-Time
C0028,Customer 0028,Female,29,Gazipur,R01,2023-01-05,Business,One-Time
C0029,Customer 0029,Male,18,Cox's Bazar,R02,2023-01-23,Individual,Regular
C0030,Customer 0030,Male,19,Moulvibazar,R05,2023-07-28,Individual,Occasional
C0031,Customer 0031,Male,33,Cumilla,R02,2023-07-18,Business,Occasional
C0032,Customer 0032,Male,18,Rajshahi,R03,2023-05-15,Individual,One-Time
C0033,Customer 0033,Male,50,Habiganj,R05,2023-08-28,Individual,Regular
C0034,Customer 0034,Female,34,Jessore,R04,2024-08-14,Individual,One-Time
C0035,Customer 0035,Male,26,Sylhet,R05,2023-11-10,Individual,Regular
C0036,Customer 0036,Male,18,Natore,R03,2023-10-03,Individual,Occasional
C0037,Customer 0037,Male,21,Natore,R03,2023-04-02,Individual,One-Time
C0038,Customer 0038,Male,31,Kurigram,R06,2023-06-28,Individual,Frequent
C0039,Customer 0039,Male,29,Sylhet,R05,2023-09-09,Individual,Regular
C0040,Customer 0040,Female,20,Jessore,R04,2024-01-12,Individual,Frequent
C0041,Customer 0041,Male,38,Khulna,R04,2023-04-29,Individual,Regular
C0042,Customer 0042,Female,31,Satkhira,R04,2025-07-13,Individual,Regular
C0043,Customer 0043,Male,37,Pirojpur,R07,2024-11-01,Individual,Occasional
C0044,Customer 0044,Male,37,Mymensingh,R08,2023-10-06,Individual,One-Time
C0045,Customer 0045,Male,27,Netrokona,R08,2024-12-17,Individual,Regular
C0046,Customer 0046,Male,22,Sylhet,R05,2024-12-27,Individual,Regular
C0047,Customer 0047,Female,40,Gazipur,R01,2024-01-07,Individual,One-Time
C0048,Customer 0048,Male,27,Cumilla,R02,2023-04-08,Individual,One-Time
C0049,Customer 0049,Female,35,Dinajpur,R06,2023-11-18,Individual,Regular
C0050,Customer 0050,Female,36,Sylhet,R05,2023-04-13,Individual,One-Time
C0051,Customer 0051,Male,30,Chattogram,R02,2023-05-28,Individual,Occasional
C0052,Customer 0052,Female,36,Jessore,R04,2023-03-08,Individual,Regular
C0053,Customer 0053,Male,20,Natore,R03,2023-02-06,Individual,Regular
C0054,Customer 0054,Male,41,Barishal,R07,2023-11-25,Individual,Frequent
C0055,Customer 0055,Female,34,Mymensingh,R08,2023-04-19,Business,Occasional
C0056,Customer 0056,Female,19,Barishal,R07,2023-09-17,Individual,Regular
C0057,Customer 0057,Male,32,Gazipur,R01,2024-06-13,Individual,One-Time
C0058,Customer 0058,Male,19,Moulvibazar,R05,2024-04-06,Individual,Regular
C0059,Customer 0059,Male,21,Barishal,R07,2023-11-30,Individual,Regular
C0060,Customer 0060,Male,37,Jessore,R04,2023-04-30,Individual,Occasional
C0061,Customer 0061,Female,33,Habiganj,R05,2024-10-19,Individual,Occasional
C0062,Customer 0062,Female,35,Sylhet,R05,2023-10-07,Individual,Occasional
C0063,Customer 0063,Male,25,Kurigram,R06,2023-06-29,Business,Occasional
C0064,Customer 0064,Female,41,Dhaka,R01,2023-02-04,Individual,Occasional
C0065,Customer 0065,Female,26,Pirojpur,R07,2023-10-02,Individual,Frequent
C0066,Customer 0066,Male,38,Pabna,R03,2023-06-13,Individual,One-Time
C0067,Customer 0067,Female,41,Chattogram,R02,2024-10-04,Individual,Regular
C0068,Customer 0068,Male,35,Pabna,R03,2023-04-04,Individual,Occasional
C0069,Customer 0069,Female,34,Moulvibazar,R05,2023-09-02,Individual,One-Time
C0070,Customer 0070,Male,36,Jamalpur,R08,2024-11-02,Individual,Occasional
C0071,Customer 0071,Male,30,Pabna,R03,2024-12-10,Individual,Occasional
C0072,Customer 0072,Female,43,Dhaka,R01,2023-01-22,Individual,Occasional
C0073,Customer 0073,Female,25,Rajshahi,R03,2023-05-26,Individual,Regular
C0074,Customer 0074,Female,40,Mymensingh,R08,2023-04-28,Individual,Regular
C0075,Customer 0075,Female,39,Rangpur,R06,2023-04-25,Individual,One-Time
C0076,Customer 0076,Male,18,Bhola,R07,2023-02-02,Business,Regular
C0077,Customer 0077,Male,31,Pabna,R03,2024-04-22,Individual,Regular
C0078,Customer 0078,Male,40,Cox's Bazar,R02,2023-09-15,Individual,Regular
C0079,Customer 0079,Male,23,Moulvibazar,R05,2023-11-21,Individual,Frequent
C0080,Customer 0080,Male,39,Kurigram,R06,2023-04-27,Individual,Frequent
C0081,Customer 0081,Male,35,Jessore,R04,2023-03-10,Individual,Occasional
C0082,Customer 0082,Male,28,Chattogram,R02,2024-05-22,Individual,Regular
C0083,Customer 0083,Female,31,Pabna,R03,2024-02-14,Individual,Frequent
C0084,Customer 0084,Female,43,Netrokona,R08,2023-06-06,Individual,Frequent
C0085,Customer 0085,Male,34,Jessore,R04,2023-01-11,Individual,One-Time
C0086,Customer 0086,Female,34,Moulvibazar,R05,2025-08-18,Individual,One-Time
C0087,Customer 0087,Female,39,Dhaka,R01,2023-02-26,Individual,Regular
C0088,Customer 0088,Male,49,Barishal,R07,2025-03-10,Individual,Frequent
C0089,Customer 0089,Female,24,Satkhira,R04,2023-04-11,Business,Occasional
C0090,Customer 0090,Male,38,Pabna,R03,2024-08-11,Individual,Occasional
C0091,Customer 0091,Male,45,Sylhet,R05,2023-12-27,Individual,Regular
C0092,Customer 0092,Male,22,Mymensingh,R08,2023-06-27,Individual,Regular
C0093,Customer 0093,Female,18,Pabna,R03,2023-10-29,Individual,Regular
C0094,Customer 0094,Male,40,Narayanganj,R01,2023-05-09,Individual,Regular
C0095,Customer 0095,Male,23,Habiganj,R05,2023-01-10,Individual,Regular
C0096,Customer 0096,Male,52,Jessore,R04,2023-12-26,Individual,Regular
C0097,Customer 0097,Male,45,Pirojpur,R07,2024-04-22,Individual,Occasional
C0098,Customer 0098,Male,43,Chattogram,R02,2023-11-13,Individual,Regular
C0099,Customer 0099,Female,29,Rangpur,R06,2023-01-03,Individual,One-Time
C0100,Customer 0100,Male,30,Kurigram,R06,2023-11-01,Individual,One-Time
C0101,Customer 0101,Male,37,Rangpur,R06,2023-04-15,Individual,Occasional
C0102,Customer 0102,Male,42,Bhola,R07,2024-12-28,Individual,Regular
C0103,Customer 0103,Female,37,Narayanganj,R01,2024-10-06,Individual,Regular
C0104,Customer 0104,Male,46,Pabna,R03,2023-07-10,Individual,Regular
C0105,Customer 0105,Male,18,Pirojpur,R07,2025-03-19,Individual,Occasional
C0106,Customer 0106,Male,36,Habiganj,R05,2024-11-06,Individual,Frequent
C0107,Customer 0107,Female,42,Natore,R03,2023-05-03,Individual,Occasional
C0108,Customer 0108,Male,32,Dinajpur,R06,2024-10-03,Individual,One-Time
C0109,Customer 0109,Male,49,Mymensingh,R08,2023-05-23,Individual,Occasional
C0110,Customer 0110,Female,22,Habiganj,R05,2025-10-02,Individual,Occasional
C0111,Customer 0111,Male,49,Rangpur,R06,2023-07-16,Business,Regular
C0112,Customer 0112,Male,48,Rangpur,R06,2023-07-16,Individual,Occasional
C0113,Customer 0113,Female,22,Chattogram,R02,2023-02-05,Individual,Frequent
C0114,Customer 0114,Female,39,Chattogram,R02,2024-11-25,Individual,Occasional
C0115,Customer 0115,Female,41,Natore,R03,2023-11-17,Individual,Occasional
C0116,Customer 0116,Female,40,Sylhet,R05,2023-12-16,Individual,Occasional
C0117,Customer 0117,Male,18,Satkhira,R04,2023-09-10,Individual,Occasional
C0118,Customer 0118,Male,27,Sylhet,R05,2024-01-18,Individual,Occasional
C0119,Customer 0119,Female,27,Habiganj,R05,2023-10-19,Individual,Occasional
C0120,Customer 0120,Male,30,Habiganj,R05,2024-02-07,Individual,Occasional
C0121,Customer 0121,Female,18,Rajshahi,R03,2023-01-06,Individual,Occasional
C0122,Customer 0122,Male,40,Kurigram,R06,2023-08-04,Individual,Occasional
C0123,Customer 0123,Male,29,Pabna,R03,2023-10-13,Individual,Regular
C0124,Customer 0124,Male,52,Cumilla,R02,2023-12-11,Individual,Regular
C0125,Customer 0125,Male,31,Narayanganj,R01,2023-10-20,Individual,Occasional
C0126,Customer 0126,Male,43,Bhola,R07,2024-12-17,Business,One-Time
C0127,Customer 0127,Female,41,Dinajpur,R06,2023-09-30,Individual,Frequent
C0128,Customer 0128,Female,42,Pirojpur,R07,2024-09-06,Individual,Frequent
C0129,Customer 0129,Female,29,Habiganj,R05,2023-10-12,Individual,Regular
C0130,Customer 0130,Male,21,Kurigram,R06,2024-02-13,Individual,Frequent
C0131,Customer 0131,Male,26,Dhaka,R01,2024-05-08,Individual,Regular
C0132,Customer 0132,Female,29,Cumilla,R02,2024-08-17,Business,One-Time
C0133,Customer 0133,Female,18,Netrokona,R08,2023-08-14,Individual,Frequent
C0134,Customer 0134,Female,36,Rangpur,R06,2024-12-16,Individual,Frequent
C0135,Customer 0135,Male,42,Pirojpur,R07,2023-07-09,Individual,Occasional
C0136,Customer 0136,Female,26,Natore,R03,2023-05-17,Individual,Regular
C0137,Customer 0137,Male,32,Moulvibazar,R05,2023-10-04,Individual,Occasional
C0138,Customer 0138,Male,44,Netrokona,R08,2023-01-10,Individual,Occasional
C0139,Customer 0139,Female,37,Habiganj,R05,2023-09-05,Individual,Frequent
C0140,Customer 0140,Female,42,Habiganj,R05,2023-02-06,Individual,Occasional
C0141,Customer 0141,Female,39,Kurigram,R06,2024-02-28,Individual,One-Time
C0142,Customer 0142,Female,31,Habiganj,R05,2023-02-14,Individual,Frequent
C0143,Customer 0143,Male,30,Rangpur,R06,2023-11-13,Individual,Regular
C0144,Customer 0144,Female,35,Rajshahi,R03,2023-05-27,Individual,Frequent
C0145,Customer 0145,Female,18,Barishal,R07,2023-05-16,Business,One-Time
C0146,Customer 0146,Female,41,Jessore,R04,2023-05-31,Individual,Frequent
C0147,Customer 0147,Female,18,Dhaka,R01,2025-10-15,Individual,One-Time
C0148,Customer 0148,Male,37,Kurigram,R06,2023-10-27,Individual,Regular
C0149,Customer 0149,Female,48,Rajshahi,R03,2023-11-30,Individual,One-Time
C0150,Customer 0150,Female,24,Jamalpur,R08,2023-03-25,Individual,Occasional
C0151,Customer 0151,Male,56,Pabna,R03,2023-12-29,Individual,One-Time
C0152,Customer 0152,Male,25,Gazipur,R01,2024-08-18,Individual,Regular
C0153,Customer 0153,Male,43,Cumilla,R02,2023-10-29,Individual,One-Time
C0154,Customer 0154,Female,48,Barishal,R07,2023-04-17,Individual,Occasional
C0155,Customer 0155,Female,38,Cumilla,R02,2023-03-27,Individual,Regular
C0156,Customer 0156,Male,18,Bhola,R07,2023-12-05,Individual,Regular
C0157,Customer 0157,Male,36,Natore,R03,2025-07-26,Individual,Occasional
C0158,Customer 0158,Male,20,Cox's Bazar,R02,2023-11-23,Individual,Occasional
C0159,Customer 0159,Male,18,Moulvibazar,R05,2024-04-23,Individual,Regular
C0160,Customer 0160,Female,27,Habiganj,R05,2023-10-26,Individual,One-Time
C0161,Customer 0161,Female,32,Rajshahi,R03,2023-10-14,Individual,Occasional
C0162,Customer 0162,Male,24,Rangpur,R06,2023-04-04,Individual,One-Time
C0163,Customer 0163,Female,40,Cumilla,R02,2024-10-20,Individual,Regular
C0164,Customer 0164,Female,39,Bhola,R07,2023-11-14,Individual,Occasional
C0165,Customer 0165,Male,32,Habiganj,R05,2023-04-24,Individual,Occasional
C0166,Customer 0166,Male,18,Cumilla,R02,2023-12-21,Individual,Regular
C0167,Customer 0167,Female,36,Pabna,R03,2023-06-04,Individual,Occasional
C0168,Customer 0168,Male,30,Sylhet,R05,2024-05-10,Individual,Occasional
C0169,Customer 0169,Male,31,Rajshahi,R03,2023-11-25,Individual,Occasional
C0170,Customer 0170,Male,38,Dhaka,R01,2023-05-02,Individual,Occasional
C0171,Customer 0171,Female,18,Natore,R03,2023-04-21,Individual,Occasional
C0172,Customer 0172,Female,19,Bhola,R07,2023-05-12,Individual,Regular
C0173,Customer 0173,Male,18,Mymensingh,R08,2023-07-14,Individual,One-Time
C0174,Customer 0174,Female,43,Pirojpur,R07,2023-10-19,Individual,Occasional
C0175,Customer 0175,Female,42,Jessore,R04,2023-08-03,Individual,One-Time
C0176,Customer 0176,Female,38,Pabna,R03,2023-06-12,Business,Regular
C0177,Customer 0177,Female,41,Natore,R03,2023-03-22,Individual,Occasional
C0178,Customer 0178,Male,35,Pirojpur,R07,2023-07-07,Individual,Frequent
C0179,Customer 0179,Male,18,Gazipur,R01,2023-10-06,Individual,Occasional
C0180,Customer 0180,Male,52,Dinajpur,R06,2023-12-08,Individual,Occasional
C0181,Customer 0181,Female,29,Cumilla,R02,2023-07-12,Individual,Occasional
C0182,Customer 0182,Female,47,Kurigram,R06,2023-10-09,Individual,Occasional
C0183,Customer 0183,Male,44,Sylhet,R05,2023-07-28,Individual,Regular
C0184,Customer 0184,Female,23,Rangpur,R06,2023-01-17,Individual,Frequent
C0185,Customer 0185,Male,44,Jessore,R04,2023-04-03,Business,Regular
C0186,Customer 0186,Male,27,Satkhira,R04,2023-09-05,Business,Occasional
C0187,Customer 0187,Male,27,Gazipur,R01,2023-07-10,Individual,Regular
C0188,Customer 0188,Female,39,Dinajpur,R06,2023-06-18,Individual,Occasional
C0189,Customer 0189,Male,39,Khulna,R04,2023-03-11,Individual,Regular
C0190,Customer 0190,Male,39,Bhola,R07,2023-03-31,Individual,Frequent
C0191,Customer 0191,Male,33,Narayanganj,R01,2023-04-12,Individual,Regular
C0192,Customer 0192,Female,28,Jessore,R04,2023-10-04,Individual,Occasional
C0193,Customer 0193,Male,31,Gazipur,R01,2023-03-20,Individual,Regular
C0194,Customer 0194,Male,24,Natore,R03,2023-02-15,Business,Frequent
C0195,Customer 0195,Male,36,Pirojpur,R07,2024-06-07,Individual,Regular
C0196,Customer 0196,Male,28,Chattogram,R02,2023-04-11,Individual,Regular
C0197,Customer 0197,Male,41,Chattogram,R02,2023-06-21,Individual,Frequent
C0198,Customer 0198,Male,34,Moulvibazar,R05,2023-12-10,Individual,One-Time
C0199,Customer 0199,Female,58,Moulvibazar,R05,2023-09-25,Business,Regular
C0200,Customer 0200,Male,32,Narayanganj,R01,2023-08-16,Business,Frequent
C0201,Customer 0201,Male,32,Satkhira,R04,2023-04-20,Individual,One-Time
C0202,Customer 0202,Female,28,Jamalpur,R08,2024-07-26,Individual,Occasional
C0203,Customer 0203,Male,48,Gazipur,R01,2024-04-03,Individual,Occasional
C0204,Customer 0204,Male,35,Bhola,R07,2023-12-31,Individual,Frequent
C0205,Customer 0205,Female,26,Cox's Bazar,R02,2023-06-23,Individual,Occasional
C0206,Customer 0206,Female,34,Pabna,R03,2024-03-16,Individual,Regular
C0207,Customer 0207,Male,18,Rangpur,R06,2023-08-28,Business,Regular
C0208,Customer 0208,Male,37,Dhaka,R01,2024-10-25,Individual,Regular
C0209,Customer 0209,Female,33,Habiganj,R05,2023-12-06,Individual,Frequent
C0210,Customer 0210,Male,25,Cox's Bazar,R02,2023-11-30,Individual,Frequent
C0211,Customer 0211,Female,27,Rajshahi,R03,2023-08-28,Individual,Occasional
C0212,Customer 0212,Male,42,Mymensingh,R08,2024-04-04,Individual,Occasional
C0213,Customer 0213,Male,29,Mymensingh,R08,2023-04-03,Business,Occasional
C0214,Customer 0214,Female,29,Cox's Bazar,R02,2023-10-27,Individual,One-Time
C0215,Customer 0215,Male,53,Cox's Bazar,R02,2023-09-20,Individual,Regular
C0216,Customer 0216,Male,36,Moulvibazar,R05,2023-01-23,Individual,Occasional
C0217,Customer 0217,Male,42,Netrokona,R08,2023-11-13,Individual,Occasional
C0218,Customer 0218,Female,45,Sylhet,R05,2023-03-18,Individual,Occasional
C0219,Customer 0219,Female,48,Khulna,R04,2023-05-25,Individual,Frequent
C0220,Customer 0220,Female,31,Barishal,R07,2024-01-30,Individual,Occasional
C0221,Customer 0221,Male,41,Satkhira,R04,2024-10-08,Individual,Regular
C0222,Customer 0222,Male,18,Jamalpur,R08,2023-03-27,Individual,Occasional
C0223,Customer 0223,Male,35,Chattogram,R02,2023-11-07,Individual,Regular
C0224,Customer 0224,Male,34,Pirojpur,R07,2023-10-16,Individual,One-Time
C0225,Customer 0225,Female,33,Cumilla,R02,2023-04-21,Individual,Regular
C0226,Customer 0226,Female,37,Chattogram,R02,2023-12-04,Individual,One-Time
C0227,Customer 0227,Female,27,Cox's Bazar,R02,2025-10-16,Individual,Frequent
C0228,Customer 0228,Female,20,Cumilla,R02,2025-08-25,Individual,Occasional
C0229,Customer 0229,Male,36,Chattogram,R02,2024-03-25,Individual,Regular
C0230,Customer 0230,Male,29,Sylhet,R05,2023-11-19,Individual,Regular
C0231,Customer 0231,Male,30,Cumilla,R02,2023-07-13,Individual,Occasional
C0232,Customer 0232,Female,29,Mymensingh,R08,2023-11-14,Individual,Occasional
C0233,Customer 0233,Male,57,Barishal,R07,2023-04-02,Individual,Occasional
C0234,Customer 0234,Male,27,Dinajpur,R06,2023-04-26,Individual,One-Time
C0235,Customer 0235,Female,18,Satkhira,R04,2023-05-23,Individual,Frequent
C0236,Customer 0236,Male,34,Mymensingh,R08,2023-01-31,Business,Regular
C0237,Customer 0237,Female,33,Narayanganj,R01,2023-01-22,Individual,Occasional
C0238,Customer 0238,Female,35,Dinajpur,R06,2023-03-10,Individual,Occasional
C0239,Customer 0239,Male,32,Moulvibazar,R05,2023-02-25,Individual,Regular
C0240,Customer 0240,Male,39,Cumilla,R02,2024-04-09,Individual,Regular
C0241,Customer 0241,Male,24,Dhaka,R01,2025-04-03,Individual,One-Time
C0242,Customer 0242,Female,27,Chattogram,R02,2023-06-05,Individual,Occasional
C0243,Customer 0243,Female,35,Habiganj,R05,2024-01-27,Individual,Regular
C0244,Customer 0244,Female,25,Pirojpur,R07,2025-03-05,Individual,Occasional
C0245,Customer 0245,Female,46,Narayanganj,R01,2023-04-19,Individual,Occasional
C0246,Customer 0246,Male,29,Chattogram,R02,2023-05-10,Individual,Frequent
C0247,Customer 0247,Female,41,Barishal,R07,2023-10-11,Business,Frequent
C0248,Customer 0248,Female,27,Mymensingh,R08,2023-09-18,Individual,Regular
C0249,Customer 0249,Female,47,Sylhet,R05,2024-08-29,Individual,One-Time
C0250,Customer 0250,Male,41,Dinajpur,R06,2023-09-05,Individual,Frequent
C0251,Customer 0251,Female,35,Gazipur,R01,2023-10-25,Individual,Frequent
C0252,Customer 0252,Female,41,Satkhira,R04,2023-01-30,Individual,Regular
C0253,Customer 0253,Male,25,Rajshahi,R03,2023-06-27,Individual,Regular
C0254,Customer 0254,Male,36,Rangpur,R06,2024-07-22,Business,Occasional
C0255,Customer 0255,Female,37,Natore,R03,2023-07-11,Individual,Frequent
C0256,Customer 0256,Male,22,Mymensingh,R08,2023-01-23,Individual,Occasional
C0257,Customer 0257,Female,32,Netrokona,R08,2023-11-08,Individual,Frequent
C0258,Customer 0258,Male,37,Kurigram,R06,2023-04-13,Individual,Occasional
C0259,Customer 0259,Male,36,Natore,R03,2023-12-25,Individual,Occasional
C0260,Customer 0260,Male,60,Dinajpur,R06,2023-06-26,Individual,Frequent
C0261,Customer 0261,Male,39,Sylhet,R05,2023-03-30,Individual,Regular
C0262,Customer 0262,Female,27,Pabna,R03,2023-11-24,Individual,Frequent
C0263,Customer 0263,Male,43,Jamalpur,R08,2024-08-12,Individual,One-Time
C0264,Customer 0264,Male,40,Jamalpur,R08,2023-07-21,Individual,Occasional
C0265,Customer 0265,Male,39,Dhaka,R01,2023-03-13,Individual,Occasional
C0266,Customer 0266,Male,20,Dhaka,R01,2023-01-27,Individual,Regular
C0267,Customer 0267,Female,32,Netrokona,R08,2024-12-09,Individual,Occasional
C0268,Customer 0268,Female,28,Netrokona,R08,2023-09-17,Individual,Occasional
C0269,Customer 0269,Male,30,Chattogram,R02,2023-06-23,Individual,Frequent
C0270,Customer 0270,Female,33,Dhaka,R01,2023-03-11,Individual,Frequent
C0271,Customer 0271,Male,20,Cox's Bazar,R02,2023-09-23,Individual,Regular
C0272,Customer 0272,Female,18,Sylhet,R05,2024-12-19,Individual,Frequent
C0273,Customer 0273,Male,33,Cumilla,R02,2023-11-14,Individual,Frequent
C0274,Customer 0274,Male,49,Netrokona,R08,2024-01-23,Individual,One-Time
C0275,Customer 0275,Male,44,Bhola,R07,2024-06-08,Individual,Occasional
C0276,Customer 0276,Male,36,Natore,R03,2023-02-07,Individual,Regular
C0277,Customer 0277,Female,20,Bhola,R07,2024-03-14,Individual,Occasional
C0278,Customer 0278,Male,43,Bhola,R07,2023-07-04,Individual,Frequent
C0279,Customer 0279,Male,25,Dhaka,R01,2024-05-02,Individual,Regular
C0280,Customer 0280,Male,29,Habiganj,R05,2023-07-10,Individual,Frequent
C0281,Customer 0281,Female,25,Dinajpur,R06,2023-02-20,Individual,Regular
C0282,Customer 0282,Male,22,Habiganj,R05,2023-01-12,Individual,Regular
C0283,Customer 0283,Female,51,Pabna,R03,2023-07-25,Individual,Regular
C0284,Customer 0284,Female,20,Rangpur,R06,2023-05-07,Individual,Regular
C0285,Customer 0285,Female,36,Habiganj,R05,2024-05-16,Individual,Frequent
C0286,Customer 0286,Male,33,Satkhira,R04,2023-11-09,Individual,Frequent
C0287,Customer 0287,Male,43,Kurigram,R06,2023-01-13,Individual,One-Time
C0288,Customer 0288,Male,23,Pabna,R03,2023-07-23,Individual,One-Time
C0289,Customer 0289,Male,35,Moulvibazar,R05,2023-05-25,Business,Frequent
C0290,Customer 0290,Female,41,Rangpur,R06,2023-09-28,Individual,Occasional
C0291,Customer 0291,Male,43,Jessore,R04,2024-06-10,Business,One-Time
C0292,Customer 0292,Male,34,Habiganj,R05,2023-10-24,Individual,Frequent
C0293,Customer 0293,Male,31,Pirojpur,R07,2023-07-16,Individual,Regular
C0294,Customer 0294,Female,41,Gazipur,R01,2023-08-15,Individual,One-Time
C0295,Customer 0295,Female,36,Jessore,R04,2023-05-07,Individual,Frequent
C0296,Customer 0296,Female,42,Cumilla,R02,2023-11-17,Individual,Occasional
C0297,Customer 0297,Male,46,Netrokona,R08,2023-02-25,Individual,Regular
C0298,Customer 0298,Female,36,Moulvibazar,R05,2023-01-03,Individual,Frequent
C0299,Customer 0299,Female,31,Jamalpur,R08,2025-01-08,Individual,Regular
C0300,Customer 0300,Female,28,Kurigram,R06,2023-10-27,Individual,Frequent
C0301,Customer 0301,Female,24,Cumilla,R02,2023-03-14,Individual,Occasional
C0302,Customer 0302,Female,33,Mymensingh,R08,2024-06-14,Individual,Occasional
C0303,Customer 0303,Female,28,Narayanganj,R01,2024-06-25,Business,Regular
C0304,Customer 0304,Female,40,Pabna,R03,2023-06-13,Individual,Regular
C0305,Customer 0305,Female,37,Bhola,R07,2025-04-18,Individual,Occasional
C0306,Customer 0306,Female,41,Sylhet,R05,2024-11-02,Individual,Occasional
C0307,Customer 0307,Male,33,Natore,R03,2024-12-16,Individual,Frequent
C0308,Customer 0308,Female,34,Pirojpur,R07,2023-10-25,Individual,One-Time
C0309,Customer 0309,Female,34,Jamalpur,R08,2023-08-12,Individual,Occasional
C0310,Customer 0310,Female,37,Kurigram,R06,2023-07-01,Individual,One-Time
C0311,Customer 0311,Female,48,Habiganj,R05,2023-06-12,Individual,Occasional
C0312,Customer 0312,Male,35,Netrokona,R08,2023-03-04,Individual,One-Time
C0313,Customer 0313,Male,34,Barishal,R07,2025-12-28,Individual,Regular
C0314,Customer 0314,Male,28,Jessore,R04,2025-11-02,Individual,Regular
C0315,Customer 0315,Female,41,Dhaka,R01,2023-08-10,Individual,Regular
C0316,Customer 0316,Female,41,Chattogram,R02,2023-04-21,Individual,Regular
C0317,Customer 0317,Male,38,Chattogram,R02,2023-12-22,Individual,One-Time
C0318,Customer 0318,Female,18,Jamalpur,R08,2023-11-12,Individual,Regular
C0319,Customer 0319,Male,40,Narayanganj,R01,2023-07-06,Individual,Occasional
C0320,Customer 0320,Female,42,Moulvibazar,R05,2023-07-03,Business,Occasional
C0321,Customer 0321,Male,41,Bhola,R07,2024-03-23,Individual,Frequent
C0322,Customer 0322,Male,31,Rajshahi,R03,2023-04-23,Individual,Occasional
C0323,Customer 0323,Female,44,Khulna,R04,2025-01-17,Individual,Regular
C0324,Customer 0324,Female,22,Pirojpur,R07,2023-09-21,Individual,Regular
C0325,Customer 0325,Male,39,Kurigram,R06,2025-01-23,Individual,Frequent
C0326,Customer 0326,Female,37,Rajshahi,R03,2023-01-17,Individual,Regular
C0327,Customer 0327,Male,40,Rajshahi,R03,2024-06-10,Individual,Frequent
C0328,Customer 0328,Male,49,Mymensingh,R08,2023-03-31,Individual,Regular
C0329,Customer 0329,Female,49,Moulvibazar,R05,2023-07-29,Individual,Regular
C0330,Customer 0330,Female,43,Kurigram,R06,2024-04-27,Individual,Regular
C0331,Customer 0331,Female,37,Cumilla,R02,2024-10-10,Individual,Occasional
C0332,Customer 0332,Male,44,Mymensingh,R08,2024-03-10,Individual,Regular
C0333,Customer 0333,Male,44,Jessore,R04,2023-01-27,Individual,Occasional
C0334,Customer 0334,Male,39,Cox's Bazar,R02,2023-04-11,Individual,Frequent
C0335,Customer 0335,Male,32,Kurigram,R06,2023-04-10,Individual,Regular
C0336,Customer 0336,Male,42,Cumilla,R02,2023-03-18,Individual,Frequent
C0337,Customer 0337,Male,33,Sylhet,R05,2023-07-15,Individual,One-Time
C0338,Customer 0338,Female,20,Gazipur,R01,2023-11-21,Individual,Regular
C0339,Customer 0339,Male,37,Rajshahi,R03,2024-11-19,Individual,Regular
C0340,Customer 0340,Female,33,Rajshahi,R03,2024-05-06,Individual,Occasional
C0341,Customer 0341,Male,58,Rajshahi,R03,2023-01-01,Individual,Regular
C0342,Customer 0342,Male,58,Chattogram,R02,2024-03-08,Business,Occasional
C0343,Customer 0343,Male,18,Pabna,R03,2023-08-16,Individual,Occasional
C0344,Customer 0344,Male,28,Narayanganj,R01,2023-06-04,Individual,Regular
C0345,Customer 0345,Male,42,Kurigram,R06,2023-12-27,Individual,Regular
C0346,Customer 0346,Female,27,Dinajpur,R06,2024-05-01,Individual,One-Time
C0347,Customer 0347,Female,34,Cumilla,R02,2023-11-21,Individual,Occasional
C0348,Customer 0348,Female,27,Pirojpur,R07,2023-10-20,Individual,Occasional
C0349,Customer 0349,Male,47,Kurigram,R06,2023-10-12,Business,Regular
C0350,Customer 0350,Female,27,Pirojpur,R07,2023-09-17,Business,Occasional
C0351,Customer 0351,Male,47,Dinajpur,R06,2023-03-22,Individual,Occasional
C0352,Customer 0352,Male,40,Natore,R03,2024-06-10,Individual,Occasional
C0353,Customer 0353,Female,34,Dhaka,R01,2023-11-11,Individual,Regular
C0354,Customer 0354,Male,18,Netrokona,R08,2023-01-31,Individual,Regular
C0355,Customer 0355,Male,38,Pabna,R03,2024-01-05,Individual,One-Time
C0356,Customer 0356,Male,23,Jamalpur,R08,2023-04-30,Individual,Occasional
C0357,Customer 0357,Male,39,Pirojpur,R07,2024-04-17,Business,One-Time
C0358,Customer 0358,Female,38,Dinajpur,R06,2023-09-06,Individual,Occasional
C0359,Customer 0359,Female,18,Sylhet,R05,2023-08-30,Individual,One-Time
C0360,Customer 0360,Male,23,Gazipur,R01,2023-03-24,Business,Frequent
C0361,Customer 0361,Female,26,Jamalpur,R08,2023-09-08,Individual,Regular
C0362,Customer 0362,Female,31,Rajshahi,R03,2024-07-24,Individual,Regular
C0363,Customer 0363,Male,26,Dhaka,R01,2023-01-29,Individual,Frequent
C0364,Customer 0364,Female,34,Rajshahi,R03,2023-02-27,Business,Occasional
C0365,Customer 0365,Male,47,Jamalpur,R08,2023-03-22,Individual,Regular
C0366,Customer 0366,Male,41,Narayanganj,R01,2023-06-06,Individual,Occasional
C0367,Customer 0367,Male,29,Jessore,R04,2024-07-19,Individual,Regular
C0368,Customer 0368,Female,18,Rangpur,R06,2025-04-30,Individual,Occasional
C0369,Customer 0369,Male,42,Pirojpur,R07,2023-01-29,Individual,Frequent
C0370,Customer 0370,Male,41,Satkhira,R04,2023-10-18,Individual,Occasional
C0371,Customer 0371,Female,32,Gazipur,R01,2023-05-17,Individual,Regular
C0372,Customer 0372,Male,37,Rangpur,R06,2023-04-14,Individual,Regular
C0373,Customer 0373,Male,38,Jessore,R04,2025-02-22,Individual,Frequent
C0374,Customer 0374,Male,39,Khulna,R04,2023-06-21,Individual,One-Time
C0375,Customer 0375,Female,33,Sylhet,R05,2023-03-02,Individual,Regular
C0376,Customer 0376,Male,52,Habiganj,R05,2023-03-16,Business,Regular
C0377,Customer 0377,Female,29,Chattogram,R02,2024-10-25,Individual,One-Time
C0378,Customer 0378,Male,32,Jessore,R04,2023-09-18,Business,Occasional
C0379,Customer 0379,Male,30,Bhola,R07,2023-11-04,Individual,Occasional
C0380,Customer 0380,Female,25,Kurigram,R06,2023-12-04,Individual,Frequent
C0381,Customer 0381,Male,30,Sylhet,R05,2023-10-04,Individual,Regular
C0382,Customer 0382,Female,33,Dinajpur,R06,2023-09-02,Individual,Occasional
C0383,Customer 0383,Male,46,Cox's Bazar,R02,2023-04-14,Individual,Regular
C0384,Customer 0384,Male,36,Jessore,R04,2023-07-09,Individual,Regular
C0385,Customer 0385,Male,32,Bhola,R07,2023-01-24,Individual,Occasional
C0386,Customer 0386,Male,30,Cumilla,R02,2023-10-30,Individual,Occasional
C0387,Customer 0387,Male,52,Cox's Bazar,R02,2023-01-26,Individual,Occasional
C0388,Customer 0388,Male,25,Pabna,R03,2025-07-01,Individual,Regular
C0389,Customer 0389,Male,34,Pabna,R03,2024-04-27,Individual,One-Time
C0390,Customer 0390,Male,21,Cumilla,R02,2023-04-18,Business,Occasional
C0391,Customer 0391,Female,23,Dhaka,R01,2023-02-18,Individual,Regular
C0392,Customer 0392,Male,23,Jamalpur,R08,2024-04-25,Individual,Regular
C0393,Customer 0393,Male,29,Rajshahi,R03,2023-03-10,Individual,One-Time
C0394,Customer 0394,Male,48,Jessore,R04,2023-02-22,Individual,Regular
C0395,Customer 0395,Male,24,Mymensingh,R08,2024-12-20,Individual,Regular
C0396,Customer 0396,Male,18,Rangpur,R06,2023-08-01,Individual,Regular
C0397,Customer 0397,Female,51,Cox's Bazar,R02,2023-11-18,Individual,Frequent
C0398,Customer 0398,Male,31,Netrokona,R08,2023-04-29,Individual,Regular
C0399,Customer 0399,Male,23,Dinajpur,R06,2023-04-08,Individual,Regular
C0400,Customer 0400,Male,18,Rajshahi,R03,2023-07-16,Individual,Regular
C0401,Customer 0401,Male,37,Cox's Bazar,R02,2023-03-11,Individual,Occasional
C0402,Customer 0402,Male,42,Mymensingh,R08,2023-07-20,Individual,Occasional
C0403,Customer 0403,Male,23,Mymensingh,R08,2023-06-04,Individual,One-Time
C0404,Customer 0404,Female,45,Jamalpur,R08,2024-08-26,Business,Occasional
C0405,Customer 0405,Female,30,Cox's Bazar,R02,2023-10-24,Individual,Regular
C0406,Customer 0406,Male,47,Narayanganj,R01,2023-11-06,Individual,Occasional
C0407,Customer 0407,Female,57,Rangpur,R06,2024-07-10,Individual,Regular
C0408,Customer 0408,Female,26,Pabna,R03,2024-05-14,Individual,Occasional
C0409,Customer 0409,Female,47,Jessore,R04,2023-03-09,Business,Regular
C0410,Customer 0410,Female,23,Pabna,R03,2023-10-20,Individual,Occasional
C0411,Customer 0411,Female,36,Chattogram,R02,2025-09-27,Business,Regular
C0412,Customer 0412,Female,41,Kurigram,R06,2023-05-24,Individual,Frequent
C0413,Customer 0413,Female,20,Pirojpur,R07,2024-01-22,Individual,Regular
C0414,Customer 0414,Female,24,Cox's Bazar,R02,2024-04-10,Individual,One-Time
C0415,Customer 0415,Female,40,Pabna,R03,2024-09-02,Individual,Occasional
C0416,Customer 0416,Male,36,Cox's Bazar,R02,2023-11-02,Individual,Occasional
C0417,Customer 0417,Female,30,Cox's Bazar,R02,2023-06-10,Individual,Occasional
C0418,Customer 0418,Female,36,Pabna,R03,2023-04-22,Individual,Occasional
C0419,Customer 0419,Male,49,Habiganj,R05,2023-08-14,Individual,Occasional
C0420,Customer 0420,Male,20,Pirojpur,R07,2025-10-08,Individual,Regular
C0421,Customer 0421,Female,40,Moulvibazar,R05,2023-08-06,Individual,One-Time
C0422,Customer 0422,Male,39,Jamalpur,R08,2023-02-25,Individual,One-Time
C0423,Customer 0423,Female,27,Kurigram,R06,2023-02-21,Individual,Frequent
C0424,Customer 0424,Female,24,Sylhet,R05,2025-07-03,Individual,Regular
C0425,Customer 0425,Male,34,Gazipur,R01,2023-07-06,Individual,Frequent
C0426,Customer 0426,Male,37,Khulna,R04,2023-09-09,Individual,Occasional
C0427,Customer 0427,Male,39,Pabna,R03,2023-01-20,Business,Frequent
C0428,Customer 0428,Male,35,Narayanganj,R01,2023-06-14,Individual,One-Time
C0429,Customer 0429,Female,18,Pabna,R03,2023-09-18,Individual,Occasional
C0430,Customer 0430,Female,25,Gazipur,R01,2023-06-17,Business,Regular
C0431,Customer 0431,Female,45,Kurigram,R06,2023-07-23,Individual,One-Time
C0432,Customer 0432,Male,25,Mymensingh,R08,2023-09-22,Individual,One-Time
C0433,Customer 0433,Male,34,Netrokona,R08,2023-03-02,Individual,Frequent
C0434,Customer 0434,Female,42,Gazipur,R01,2023-09-22,Individual,Occasional
C0435,Customer 0435,Female,26,Mymensingh,R08,2023-11-23,Individual,Occasional
C0436,Customer 0436,Female,48,Narayanganj,R01,2023-02-08,Individual,Regular
C0437,Customer 0437,Male,39,Rangpur,R06,2023-10-06,Individual,Regular
C0438,Customer 0438,Female,26,Rangpur,R06,2023-02-11,Individual,Frequent
C0439,Customer 0439,Female,41,Cumilla,R02,2023-04-23,Individual,Regular
C0440,Customer 0440,Female,44,Narayanganj,R01,2023-03-21,Individual,Occasional
C0441,Customer 0441,Female,27,Khulna,R04,2023-06-21,Individual,Frequent
C0442,Customer 0442,Male,68,Dinajpur,R06,2023-03-04,Individual,Occasional
C0443,Customer 0443,Male,34,Netrokona,R08,2024-07-12,Individual,One-Time
C0444,Customer 0444,Male,37,Rangpur,R06,2023-01-08,Individual,Frequent
C0445,Customer 0445,Male,47,Chattogram,R02,2023-09-04,Individual,Regular
C0446,Customer 0446,Male,20,Gazipur,R01,2023-12-16,Individual,Regular
C0447,Customer 0447,Female,33,Habiganj,R05,2023-04-27,Individual,Occasional
C0448,Customer 0448,Female,25,Khulna,R04,2023-10-04,Individual,One-Time
C0449,Customer 0449,Male,37,Dhaka,R01,2024-12-09,Individual,Occasional
C0450,Customer 0450,Male,57,Bhola,R07,2024-01-03,Individual,One-Time
C0451,Customer 0451,Female,26,Mymensingh,R08,2023-07-31,Individual,Frequent
C0452,Customer 0452,Male,46,Mymensingh,R08,2023-01-24,Individual,Regular
C0453,Customer 0453,Female,37,Cox's Bazar,R02,2023-04-20,Individual,Occasional
C0454,Customer 0454,Male,31,Rangpur,R06,2023-12-31,Individual,Occasional
C0455,Customer 0455,Female,34,Cox's Bazar,R02,2023-01-10,Individual,Regular
C0456,Customer 0456,Male,47,Habiganj,R05,2023-10-27,Business,Occasional
C0457,Customer 0457,Male,50,Narayanganj,R01,2023-11-27,Individual,Frequent
C0458,Customer 0458,Female,37,Habiganj,R05,2024-03-14,Individual,Occasional
C0459,Customer 0459,Male,41,Cumilla,R02,2023-04-28,Individual,Occasional
C0460,Customer 0460,Male,36,Narayanganj,R01,2023-01-26,Individual,Occasional
C0461,Customer 0461,Male,22,Mymensingh,R08,2023-01-31,Individual,One-Time
C0462,Customer 0462,Female,36,Cumilla,R02,2023-10-07,Individual,Regular
C0463,Customer 0463,Female,29,Mymensingh,R08,2023-06-29,Individual,One-Time
C0464,Customer 0464,Male,45,Jamalpur,R08,2023-04-25,Individual,Occasional
C0465,Customer 0465,Female,29,Jamalpur,R08,2024-05-21,Individual,Frequent
C0466,Customer 0466,Male,45,Satkhira,R04,2023-06-07,Individual,Regular
C0467,Customer 0467,Male,52,Jamalpur,R08,2023-09-24,Individual,Frequent
C0468,Customer 0468,Male,24,Cumilla,R02,2023-07-10,Individual,Occasional
C0469,Customer 0469,Male,29,Habiganj,R05,2023-10-28,Individual,Regular
C0470,Customer 0470,Male,29,Rangpur,R06,2023-10-05,Individual,Regular
C0471,Customer 0471,Female,38,Sylhet,R05,2023-11-06,Individual,Occasional
C0472,Customer 0472,Male,44,Pirojpur,R07,2023-01-08,Individual,One-Time
C0473,Customer 0473,Female,36,Jessore,R04,2023-06-29,Individual,Occasional
C0474,Customer 0474,Male,34,Rajshahi,R03,2024-02-25,Individual,Frequent
C0475,Customer 0475,Male,28,Dinajpur,R06,2023-07-07,Individual,Occasional
C0476,Customer 0476,Male,35,Sylhet,R05,2024-05-18,Individual,Frequent
C0477,Customer 0477,Female,39,Mymensingh,R08,2023-02-06,Individual,Occasional
C0478,Customer 0478,Male,39,Natore,R03,2023-10-30,Individual,Frequent
C0479,Customer 0479,Female,31,Rajshahi,R03,2024-07-24,Individual,Regular
C0480,Customer 0480,Female,37,Gazipur,R01,2024-06-28,Individual,One-Time
C0481,Customer 0481,Female,32,Moulvibazar,R05,2023-03-27,Individual,Occasional
C0482,Customer 0482,Female,42,Rajshahi,R03,2024-01-17,Individual,Regular
C0483,Customer 0483,Male,37,Cumilla,R02,2023-08-05,Individual,One-Time
C0484,Customer 0484,Female,32,Cumilla,R02,2023-03-27,Individual,Frequent
C0485,Customer 0485,Female,22,Jamalpur,R08,2025-11-25,Individual,One-Time
C0486,Customer 0486,Female,29,Cox's Bazar,R02,2023-06-17,Individual,One-Time
C0487,Customer 0487,Female,27,Sylhet,R05,2024-10-07,Individual,Occasional
C0488,Customer 0488,Female,49,Natore,R03,2023-11-07,Individual,Regular
C0489,Customer 0489,Male,22,Jamalpur,R08,2024-02-03,Individual,Regular
C0490,Customer 0490,Male,33,Bhola,R07,2023-08-14,Individual,Regular
C0491,Customer 0491,Female,46,Barishal,R07,2023-10-02,Individual,One-Time
C0492,Customer 0492,Male,32,Habiganj,R05,2023-02-14,Individual,Regular
C0493,Customer 0493,Male,46,Habiganj,R05,2023-07-18,Individual,One-Time
C0494,Customer 0494,Female,19,Jessore,R04,2023-09-25,Individual,Regular
C0495,Customer 0495,Female,20,Jamalpur,R08,2023-08-12,Individual,Occasional
C0496,Customer 0496,Female,37,Rangpur,R06,2023-02-02,Individual,Frequent
C0497,Customer 0497,Female,20,Chattogram,R02,2023-02-22,Individual,One-Time
C0498,Customer 0498,Female,35,Rajshahi,R03,2023-04-03,Individual,Occasional
C0499,Customer 0499,Female,34,Chattogram,R02,2023-02-26,Individual,Occasional
C0500,Customer 0500,Female,58,Dinajpur,R06,2023-01-09,Individual,Regular
C0501,Customer 0501,Male,37,Netrokona,R08,2023-12-25,Individual,Occasional
C0502,Customer 0502,Male,33,Bhola,R07,2023-07-30,Individual,Regular
C0503,Customer 0503,Male,26,Satkhira,R04,2024-12-01,Individual,Frequent
C0504,Customer 0504,Female,28,Narayanganj,R01,2023-09-05,Business,Occasional
C0505,Customer 0505,Male,38,Habiganj,R05,2023-01-27,Individual,Regular
C0506,Customer 0506,Female,38,Kurigram,R06,2023-07-01,Individual,One-Time
C0507,Customer 0507,Male,24,Pirojpur,R07,2023-01-05,Individual,One-Time
C0508,Customer 0508,Female,28,Jessore,R04,2023-12-27,Individual,One-Time
C0509,Customer 0509,Male,26,Mymensingh,R08,2023-02-25,Individual,Occasional
C0510,Customer 0510,Male,31,Bhola,R07,2025-06-20,Individual,Occasional
C0511,Customer 0511,Male,43,Moulvibazar,R05,2023-08-25,Individual,One-Time
C0512,Customer 0512,Female,41,Jamalpur,R08,2023-02-09,Individual,Regular
C0513,Customer 0513,Male,44,Chattogram,R02,2025-08-16,Individual,Occasional
C0514,Customer 0514,Male,43,Natore,R03,2023-01-20,Individual,Regular
C0515,Customer 0515,Male,37,Sylhet,R05,2023-06-08,Individual,One-Time
C0516,Customer 0516,Male,36,Narayanganj,R01,2024-12-02,Individual,Occasional
C0517,Customer 0517,Male,18,Habiganj,R05,2024-10-16,Individual,Frequent
C0518,Customer 0518,Male,27,Bhola,R07,2023-07-29,Business,Regular
C0519,Customer 0519,Female,38,Chattogram,R02,2023-08-23,Individual,One-Time
C0520,Customer 0520,Male,26,Bhola,R07,2023-04-10,Individual,Regular
C0521,Customer 0521,Male,18,Gazipur,R01,2023-05-30,Individual,One-Time
C0522,Customer 0522,Male,32,Cumilla,R02,2023-12-11,Individual,One-Time
C0523,Customer 0523,Male,38,Pabna,R03,2023-06-03,Individual,Regular
C0524,Customer 0524,Female,41,Bhola,R07,2023-03-31,Individual,Occasional
C0525,Customer 0525,Male,31,Jessore,R04,2024-11-21,Business,Regular
C0526,Customer 0526,Male,32,Bhola,R07,2023-05-05,Individual,Frequent
C0527,Customer 0527,Male,41,Moulvibazar,R05,2023-04-06,Business,Occasional
C0528,Customer 0528,Male,41,Sylhet,R05,2023-03-12,Individual,Frequent
C0529,Customer 0529,Male,35,Jessore,R04,2024-12-19,Individual,Regular
C0530,Customer 0530,Male,53,Habiganj,R05,2023-10-21,Individual,Regular
C0531,Customer 0531,Male,18,Satkhira,R04,2023-11-19,Individual,Occasional
C0532,Customer 0532,Male,34,Mymensingh,R08,2023-01-19,Individual,Regular
C0533,Customer 0533,Male,41,Satkhira,R04,2023-03-24,Individual,Occasional
C0534,Customer 0534,Male,22,Gazipur,R01,2023-11-14,Individual,Regular
C0535,Customer 0535,Female,29,Cox's Bazar,R02,2023-06-23,Business,Frequent
C0536,Customer 0536,Male,33,Satkhira,R04,2023-12-07,Business,Occasional
C0537,Customer 0537,Male,31,Cox's Bazar,R02,2024-02-01,Individual,Occasional
C0538,Customer 0538,Male,33,Sylhet,R05,2025-08-24,Individual,Frequent
C0539,Customer 0539,Male,18,Barishal,R07,2023-10-03,Individual,Regular
C0540,Customer 0540,Female,47,Pabna,R03,2023-12-31,Business,One-Time
C0541,Customer 0541,Female,32,Chattogram,R02,2023-02-19,Individual,Frequent
C0542,Customer 0542,Female,37,Kurigram,R06,2024-04-10,Individual,Regular
C0543,Customer 0543,Female,35,Jessore,R04,2023-07-26,Individual,Frequent
C0544,Customer 0544,Female,18,Khulna,R04,2023-06-18,Individual,Occasional
C0545,Customer 0545,Female,36,Jessore,R04,2023-03-17,Individual,One-Time
C0546,Customer 0546,Male,44,Dinajpur,R06,2024-06-05,Individual,Occasional
C0547,Customer 0547,Female,36,Jamalpur,R08,2023-06-22,Individual,Regular
C0548,Customer 0548,Male,39,Rangpur,R06,2023-05-27,Individual,One-Time
C0549,Customer 0549,Male,28,Cox's Bazar,R02,2023-08-10,Individual,Occasional
C0550,Customer 0550,Male,18,Kurigram,R06,2025-01-27,Individual,One-Time
C0551,Customer 0551,Male,45,Jessore,R04,2023-04-10,Individual,Frequent
C0552,Customer 0552,Male,31,Khulna,R04,2023-08-28,Individual,Occasional
C0553,Customer 0553,Male,26,Narayanganj,R01,2024-02-17,Individual,Occasional
C0554,Customer 0554,Male,32,Jamalpur,R08,2024-01-09,Individual,Regular
C0555,Customer 0555,Female,21,Netrokona,R08,2023-08-07,Individual,Regular
C0556,Customer 0556,Male,19,Natore,R03,2023-08-20,Individual,Occasional
C0557,Customer 0557,Female,24,Dinajpur,R06,2023-07-29,Individual,Regular
C0558,Customer 0558,Female,46,Dinajpur,R06,2024-02-24,Individual,One-Time
C0559,Customer 0559,Male,50,Cumilla,R02,2023-11-04,Business,Regular
C0560,Customer 0560,Male,31,Satkhira,R04,2023-04-13,Individual,Regular
C0561,Customer 0561,Male,34,Dhaka,R01,2023-09-18,Individual,Regular
C0562,Customer 0562,Female,18,Bhola,R07,2023-03-07,Individual,One-Time
C0563,Customer 0563,Female,18,Sylhet,R05,2024-10-19,Individual,Regular
C0564,Customer 0564,Male,37,Narayanganj,R01,2023-12-10,Individual,Occasional
C0565,Customer 0565,Male,34,Habiganj,R05,2023-09-23,Individual,Regular
C0566,Customer 0566,Male,53,Rajshahi,R03,2024-05-04,Individual,Regular
C0567,Customer 0567,Female,30,Habiganj,R05,2024-04-08,Individual,Regular
C0568,Customer 0568,Female,32,Natore,R03,2024-05-13,Individual,One-Time
C0569,Customer 0569,Female,48,Khulna,R04,2023-12-07,Individual,Occasional
C0570,Customer 0570,Female,46,Moulvibazar,R05,2023-10-13,Individual,Occasional
C0571,Customer 0571,Female,25,Sylhet,R05,2023-12-09,Individual,Regular
C0572,Customer 0572,Female,38,Chattogram,R02,2023-05-12,Individual,Regular
C0573,Customer 0573,Male,33,Sylhet,R05,2025-01-05,Individual,Frequent
C0574,Customer 0574,Female,30,Pabna,R03,2023-08-15,Individual,One-Time
C0575,Customer 0575,Male,46,Jamalpur,R08,2023-07-07,Individual,One-Time
C0576,Customer 0576,Male,39,Chattogram,R02,2024-11-29,Individual,Regular
C0577,Customer 0577,Female,25,Chattogram,R02,2023-03-15,Individual,Frequent
C0578,Customer 0578,Female,20,Jamalpur,R08,2023-11-09,Individual,Regular
C0579,Customer 0579,Male,39,Mymensingh,R08,2023-07-26,Individual,Occasional
C0580,Customer 0580,Male,31,Sylhet,R05,2023-10-07,Individual,Occasional
C0581,Customer 0581,Female,32,Dinajpur,R06,2023-03-16,Individual,Regular
C0582,Customer 0582,Male,25,Cumilla,R02,2023-09-23,Individual,Regular
C0583,Customer 0583,Male,29,Jessore,R04,2024-05-16,Individual,Occasional
C0584,Customer 0584,Female,46,Barishal,R07,2023-08-20,Individual,Occasional
C0585,Customer 0585,Male,26,Sylhet,R05,2023-01-25,Individual,Occasional
C0586,Customer 0586,Female,18,Dhaka,R01,2023-03-14,Individual,Occasional
C0587,Customer 0587,Male,42,Chattogram,R02,2023-07-22,Individual,One-Time
C0588,Customer 0588,Female,37,Jessore,R04,2023-03-25,Business,Regular
C0589,Customer 0589,Female,51,Jamalpur,R08,2023-07-16,Individual,Occasional
C0590,Customer 0590,Female,40,Bhola,R07,2023-07-20,Individual,Regular
C0591,Customer 0591,Male,26,Mymensingh,R08,2023-04-14,Individual,Regular
C0592,Customer 0592,Male,42,Moulvibazar,R05,2025-04-11,Individual,Regular
C0593,Customer 0593,Female,45,Jamalpur,R08,2023-05-26,Individual,Regular
C0594,Customer 0594,Male,27,Satkhira,R04,2023-09-19,Individual,Frequent
C0595,Customer 0595,Male,35,Bhola,R07,2024-12-27,Business,Regular
C0596,Customer 0596,Female,19,Satkhira,R04,2024-05-30,Individual,One-Time
C0597,Customer 0597,Female,35,Gazipur,R01,2023-08-10,Individual,Occasional
C0598,Customer 0598,Male,18,Bhola,R07,2023-04-18,Individual,Regular
C0599,Customer 0599,Male,36,Barishal,R07,2023-09-08,Individual,Occasional
C0600,Customer 0600,Female,27,Bhola,R07,2023-10-02,Business,Occasional
C0601,Customer 0601,Male,34,Bhola,R07,2023-09-12,Individual,Regular
C0602,Customer 0602,Female,36,Sylhet,R05,2023-07-22,Individual,Regular
C0603,Customer 0603,Female,37,Bhola,R07,2023-12-06,Individual,Regular
C0604,Customer 0604,Male,37,Cox's Bazar,R02,2023-11-16,Individual,Regular
C0605,Customer 0605,Female,42,Natore,R03,2025-07-24,Business,Regular
C0606,Customer 0606,Female,18,Rajshahi,R03,2023-11-01,Individual,Regular
C0607,Customer 0607,Male,45,Gazipur,R01,2023-08-26,Individual,Frequent
C0608,Customer 0608,Female,41,Cox's Bazar,R02,2023-04-29,Individual,One-Time
C0609,Customer 0609,Male,25,Satkhira,R04,2023-08-12,Individual,Regular
C0610,Customer 0610,Male,23,Rangpur,R06,2023-09-30,Individual,Occasional
C0611,Customer 0611,Male,35,Kurigram,R06,2024-11-22,Individual,Frequent
C0612,Customer 0612,Male,30,Dhaka,R01,2024-07-03,Individual,Frequent
C0613,Customer 0613,Male,24,Cumilla,R02,2024-04-30,Individual,One-Time
C0614,Customer 0614,Female,27,Dhaka,R01,2025-07-28,Individual,Occasional
C0615,Customer 0615,Female,31,Narayanganj,R01,2025-04-08,Individual,Occasional
C0616,Customer 0616,Male,27,Natore,R03,2025-04-04,Individual,Regular
C0617,Customer 0617,Male,41,Rangpur,R06,2023-02-26,Individual,Regular
C0618,Customer 0618,Female,37,Narayanganj,R01,2023-03-31,Individual,Regular
C0619,Customer 0619,Male,31,Cox's Bazar,R02,2023-01-26,Individual,Occasional
C0620,Customer 0620,Male,50,Narayanganj,R01,2023-02-06,Individual,Frequent
C0621,Customer 0621,Male,42,Dhaka,R01,2023-12-22,Business,Regular
C0622,Customer 0622,Female,34,Barishal,R07,2024-05-28,Individual,Frequent
C0623,Customer 0623,Female,32,Dinajpur,R06,2023-12-22,Individual,Regular
C0624,Customer 0624,Female,33,Natore,R03,2023-06-18,Individual,Frequent
C0625,Customer 0625,Male,36,Kurigram,R06,2023-05-23,Individual,Occasional
C0626,Customer 0626,Female,28,Pabna,R03,2023-11-16,Individual,Regular
C0627,Customer 0627,Female,38,Jamalpur,R08,2023-11-16,Individual,Frequent
C0628,Customer 0628,Female,35,Netrokona,R08,2024-04-30,Individual,One-Time
C0629,Customer 0629,Female,50,Kurigram,R06,2023-05-31,Individual,Occasional
C0630,Customer 0630,Male,27,Satkhira,R04,2023-09-20,Business,Regular
C0631,Customer 0631,Male,19,Netrokona,R08,2023-10-13,Individual,Occasional
C0632,Customer 0632,Female,23,Narayanganj,R01,2023-04-23,Individual,One-Time
C0633,Customer 0633,Female,29,Satkhira,R04,2023-04-13,Individual,Regular
C0634,Customer 0634,Female,18,Netrokona,R08,2024-02-03,Individual,Regular
C0635,Customer 0635,Female,63,Chattogram,R02,2024-12-18,Individual,Regular
C0636,Customer 0636,Male,35,Cumilla,R02,2023-04-02,Individual,Regular
C0637,Customer 0637,Female,39,Sylhet,R05,2024-10-06,Individual,Occasional
C0638,Customer 0638,Male,31,Natore,R03,2023-11-12,Individual,Occasional
C0639,Customer 0639,Male,18,Natore,R03,2024-08-01,Individual,Regular
C0640,Customer 0640,Male,37,Pirojpur,R07,2023-02-28,Individual,Occasional
C0641,Customer 0641,Male,26,Natore,R03,2023-09-12,Individual,Occasional
C0642,Customer 0642,Male,18,Narayanganj,R01,2024-04-19,Individual,Occasional
C0643,Customer 0643,Female,34,Barishal,R07,2023-07-13,Individual,One-Time
C0644,Customer 0644,Female,28,Rangpur,R06,2023-12-05,Individual,Occasional
C0645,Customer 0645,Male,37,Jessore,R04,2023-10-18,Individual,One-Time
C0646,Customer 0646,Female,42,Mymensingh,R08,2023-06-06,Individual,Frequent
C0647,Customer 0647,Male,44,Satkhira,R04,2023-01-25,Individual,Regular
C0648,Customer 0648,Male,48,Kurigram,R06,2024-09-21,Individual,Occasional
C0649,Customer 0649,Male,19,Netrokona,R08,2024-01-21,Individual,Regular
C0650,Customer 0650,Female,24,Pirojpur,R07,2023-06-16,Individual,One-Time
C0651,Customer 0651,Male,26,Gazipur,R01,2023-04-23,Individual,Occasional
C0652,Customer 0652,Female,18,Rajshahi,R03,2023-01-15,Individual,Frequent
C0653,Customer 0653,Female,18,Gazipur,R01,2023-02-28,Individual,Occasional
C0654,Customer 0654,Female,24,Cumilla,R02,2023-04-08,Individual,Occasional
C0655,Customer 0655,Male,25,Pabna,R03,2024-06-15,Individual,Regular
C0656,Customer 0656,Female,33,Cumilla,R02,2024-06-28,Business,Occasional
C0657,Customer 0657,Female,43,Netrokona,R08,2024-02-23,Individual,Regular
C0658,Customer 0658,Male,47,Habiganj,R05,2023-08-29,Individual,Occasional
C0659,Customer 0659,Female,32,Khulna,R04,2023-01-27,Individual,Occasional
C0660,Customer 0660,Female,36,Chattogram,R02,2023-09-27,Individual,Regular
C0661,Customer 0661,Male,34,Dinajpur,R06,2023-01-15,Individual,Regular
C0662,Customer 0662,Male,37,Habiganj,R05,2023-12-07,Individual,Regular
C0663,Customer 0663,Female,23,Chattogram,R02,2023-01-16,Individual,Frequent
C0664,Customer 0664,Female,36,Dhaka,R01,2023-10-23,Individual,Frequent
C0665,Customer 0665,Male,22,Pabna,R03,2025-10-15,Individual,Frequent
C0666,Customer 0666,Male,43,Cumilla,R02,2023-03-18,Business,Frequent
C0667,Customer 0667,Male,18,Dhaka,R01,2025-01-12,Business,One-Time
C0668,Customer 0668,Male,53,Netrokona,R08,2023-02-22,Individual,Occasional
C0669,Customer 0669,Male,52,Mymensingh,R08,2023-05-10,Business,Regular
C0670,Customer 0670,Male,27,Rajshahi,R03,2023-01-09,Individual,Frequent
C0671,Customer 0671,Female,47,Jessore,R04,2023-01-12,Individual,Occasional
C0672,Customer 0672,Male,27,Chattogram,R02,2023-08-04,Individual,Regular
C0673,Customer 0673,Female,31,Rajshahi,R03,2023-06-26,Individual,Occasional
C0674,Customer 0674,Male,27,Cox's Bazar,R02,2024-06-11,Individual,Regular
C0675,Customer 0675,Male,45,Bhola,R07,2023-09-24,Individual,Occasional
C0676,Customer 0676,Female,34,Natore,R03,2023-05-07,Individual,Occasional
C0677,Customer 0677,Male,23,Jessore,R04,2023-08-31,Individual,Occasional
C0678,Customer 0678,Male,47,Sylhet,R05,2023-07-20,Individual,Occasional
C0679,Customer 0679,Male,21,Cox's Bazar,R02,2023-05-01,Individual,Occasional
C0680,Customer 0680,Male,27,Rajshahi,R03,2023-11-17,Individual,Frequent
C0681,Customer 0681,Male,18,Natore,R03,2025-04-08,Business,Regular
C0682,Customer 0682,Male,28,Cox's Bazar,R02,2024-08-30,Individual,Frequent
C0683,Customer 0683,Male,20,Barishal,R07,2023-11-06,Individual,One-Time
C0684,Customer 0684,Female,33,Pabna,R03,2023-09-05,Individual,Regular
C0685,Customer 0685,Female,51,Sylhet,R05,2023-06-13,Individual,Regular
C0686,Customer 0686,Female,40,Jamalpur,R08,2024-06-28,Individual,Occasional
C0687,Customer 0687,Female,32,Sylhet,R05,2023-09-05,Individual,Occasional
C0688,Customer 0688,Male,43,Jamalpur,R08,2023-06-23,Individual,One-Time
C0689,Customer 0689,Female,36,Moulvibazar,R05,2023-06-23,Individual,Occasional
C0690,Customer 0690,Female,40,Moulvibazar,R05,2024-01-18,Individual,Occasional
C0691,Customer 0691,Male,41,Barishal,R07,2023-12-21,Individual,Regular
C0692,Customer 0692,Female,18,Sylhet,R05,2024-04-24,Individual,Occasional
C0693,Customer 0693,Female,27,Natore,R03,2024-08-22,Individual,Regular
C0694,Customer 0694,Male,23,Natore,R03,2023-06-03,Individual,Regular
C0695,Customer 0695,Male,21,Narayanganj,R01,2024-03-02,Individual,Occasional
C0696,Customer 0696,Female,47,Khulna,R04,2023-05-18,Individual,Frequent
C0697,Customer 0697,Male,34,Jamalpur,R08,2023-02-17,Individual,Regular
C0698,Customer 0698,Male,25,Jessore,R04,2023-04-16,Individual,Frequent
C0699,Customer 0699,Male,36,Bhola,R07,2025-04-17,Individual,Regular
C0700,Customer 0700,Male,35,Habiganj,R05,2023-09-12,Individual,Occasional
C0701,Customer 0701,Female,39,Jamalpur,R08,2023-08-19,Individual,One-Time
C0702,Customer 0702,Female,33,Moulvibazar,R05,2023-03-02,Individual,One-Time
C0703,Customer 0703,Male,23,Moulvibazar,R05,2023-11-08,Individual,Frequent
C0704,Customer 0704,Female,35,Jessore,R04,2023-03-13,Individual,Frequent
C0705,Customer 0705,Female,50,Cox's Bazar,R02,2023-03-05,Business,One-Time
C0706,Customer 0706,Female,47,Gazipur,R01,2023-01-20,Individual,Occasional
C0707,Customer 0707,Male,30,Dinajpur,R06,2024-06-12,Individual,Occasional
C0708,Customer 0708,Female,29,Pirojpur,R07,2023-10-09,Individual,Frequent
C0709,Customer 0709,Female,49,Khulna,R04,2023-02-17,Individual,Occasional
C0710,Customer 0710,Male,32,Dhaka,R01,2023-01-24,Individual,One-Time
C0711,Customer 0711,Male,37,Pirojpur,R07,2023-04-24,Individual,One-Time
C0712,Customer 0712,Female,30,Rajshahi,R03,2023-09-06,Business,Occasional
C0713,Customer 0713,Female,33,Netrokona,R08,2023-03-28,Individual,Occasional
C0714,Customer 0714,Female,43,Rangpur,R06,2025-11-24,Individual,One-Time
C0715,Customer 0715,Female,30,Satkhira,R04,2023-10-04,Individual,Occasional
C0716,Customer 0716,Female,35,Khulna,R04,2023-02-01,Individual,Regular
C0717,Customer 0717,Male,38,Dhaka,R01,2023-05-06,Business,Regular
C0718,Customer 0718,Male,18,Kurigram,R06,2024-05-31,Individual,Occasional
C0719,Customer 0719,Female,18,Bhola,R07,2023-12-25,Individual,Frequent
C0720,Customer 0720,Male,18,Habiganj,R05,2023-09-16,Individual,One-Time
C0721,Customer 0721,Male,18,Bhola,R07,2024-07-08,Individual,One-Time
C0722,Customer 0722,Female,41,Cumilla,R02,2023-10-25,Individual,Occasional
C0723,Customer 0723,Male,30,Rajshahi,R03,2025-02-07,Individual,One-Time
C0724,Customer 0724,Male,36,Dinajpur,R06,2023-08-29,Individual,Occasional
C0725,Customer 0725,Male,27,Dinajpur,R06,2023-11-17,Individual,Frequent
C0726,Customer 0726,Male,30,Dinajpur,R06,2023-10-03,Individual,Occasional
C0727,Customer 0727,Female,42,Jessore,R04,2024-06-02,Individual,Regular
C0728,Customer 0728,Female,18,Cox's Bazar,R02,2023-09-12,Individual,Regular
C0729,Customer 0729,Female,52,Khulna,R04,2023-05-06,Individual,Occasional
C0730,Customer 0730,Male,36,Habiganj,R05,2023-04-19,Individual,Frequent
C0731,Customer 0731,Male,45,Netrokona,R08,2023-01-28,Individual,Regular
C0732,Customer 0732,Female,38,Cox's Bazar,R02,2023-04-09,Individual,One-Time
C0733,Customer 0733,Male,37,Mymensingh,R08,2023-09-06,Individual,Frequent
C0734,Customer 0734,Male,44,Netrokona,R08,2024-04-01,Individual,Occasional
C0735,Customer 0735,Male,65,Jessore,R04,2023-07-28,Individual,Occasional
C0736,Customer 0736,Male,20,Narayanganj,R01,2023-09-03,Individual,Frequent
C0737,Customer 0737,Female,30,Chattogram,R02,2023-07-30,Individual,Regular
C0738,Customer 0738,Female,41,Dhaka,R01,2023-06-24,Individual,Regular
C0739,Customer 0739,Male,42,Chattogram,R02,2023-09-17,Individual,Frequent
C0740,Customer 0740,Male,37,Jamalpur,R08,2023-04-06,Individual,One-Time
C0741,Customer 0741,Male,25,Pirojpur,R07,2023-07-13,Individual,Frequent
C0742,Customer 0742,Male,28,Dhaka,R01,2023-11-03,Individual,Frequent
C0743,Customer 0743,Female,50,Rangpur,R06,2023-04-08,Individual,Occasional
C0744,Customer 0744,Male,45,Jamalpur,R08,2023-04-17,Individual,Occasional
C0745,Customer 0745,Male,47,Sylhet,R05,2023-08-24,Individual,One-Time
C0746,Customer 0746,Male,33,Barishal,R07,2023-04-17,Individual,Regular
C0747,Customer 0747,Male,47,Pabna,R03,2023-09-24,Individual,Frequent
C0748,Customer 0748,Male,37,Barishal,R07,2024-12-29,Individual,Regular
C0749,Customer 0749,Male,38,Cox's Bazar,R02,2024-08-20,Individual,Occasional
C0750,Customer 0750,Male,30,Dinajpur,R06,2023-08-05,Individual,Regular
C0751,Customer 0751,Female,52,Chattogram,R02,2023-10-09,Individual,Regular
C0752,Customer 0752,Male,36,Dinajpur,R06,2023-06-17,Individual,Occasional
C0753,Customer 0753,Female,20,Dhaka,R01,2023-11-10,Individual,Regular
C0754,Customer 0754,Female,59,Dhaka,R01,2023-04-24,Individual,Regular
C0755,Customer 0755,Female,36,Pabna,R03,2023-05-22,Individual,One-Time
C0756,Customer 0756,Male,33,Dhaka,R01,2023-12-20,Individual,Regular
C0757,Customer 0757,Male,38,Gazipur,R01,2024-04-02,Individual,Occasional
C0758,Customer 0758,Male,33,Bhola,R07,2023-05-14,Business,Regular
C0759,Customer 0759,Female,25,Rangpur,R06,2023-06-20,Individual,Regular
C0760,Customer 0760,Female,45,Netrokona,R08,2023-07-31,Individual,Regular
C0761,Customer 0761,Female,38,Dhaka,R01,2025-07-06,Individual,Occasional
C0762,Customer 0762,Female,54,Narayanganj,R01,2023-11-08,Individual,Occasional
C0763,Customer 0763,Female,21,Mymensingh,R08,2023-09-20,Individual,Occasional
C0764,Customer 0764,Female,45,Gazipur,R01,2023-09-29,Individual,Frequent
C0765,Customer 0765,Female,49,Kurigram,R06,2023-10-15,Individual,One-Time
C0766,Customer 0766,Male,51,Chattogram,R02,2025-03-05,Individual,Frequent
C0767,Customer 0767,Female,31,Netrokona,R08,2023-03-05,Individual,Regular
C0768,Customer 0768,Male,30,Pabna,R03,2023-06-15,Business,Occasional
C0769,Customer 0769,Male,51,Jessore,R04,2023-04-26,Individual,Regular
C0770,Customer 0770,Female,50,Rajshahi,R03,2023-07-18,Individual,Frequent
C0771,Customer 0771,Female,37,Mymensingh,R08,2024-02-09,Individual,Regular
C0772,Customer 0772,Male,51,Mymensingh,R08,2023-02-26,Individual,Regular
C0773,Customer 0773,Male,32,Barishal,R07,2023-05-02,Individual,Frequent
C0774,Customer 0774,Female,31,Mymensingh,R08,2024-03-07,Individual,Regular
C0775,Customer 0775,Female,41,Mymensingh,R08,2024-03-04,Individual,Frequent
C0776,Customer 0776,Female,18,Narayanganj,R01,2023-02-04,Individual,Regular
C0777,Customer 0777,Male,44,Narayanganj,R01,2023-01-19,Individual,One-Time
C0778,Customer 0778,Male,38,Habiganj,R05,2023-05-17,Individual,Frequent
C0779,Customer 0779,Male,19,Moulvibazar,R05,2023-04-09,Individual,One-Time
C0780,Customer 0780,Male,53,Barishal,R07,2023-12-24,Individual,Frequent
C0781,Customer 0781,Male,49,Moulvibazar,R05,2023-07-23,Individual,Regular
C0782,Customer 0782,Female,34,Satkhira,R04,2024-02-18,Individual,Regular
C0783,Customer 0783,Male,26,Cumilla,R02,2024-03-31,Individual,Frequent
C0784,Customer 0784,Male,39,Natore,R03,2024-07-14,Individual,Occasional
C0785,Customer 0785,Male,18,Rajshahi,R03,2025-04-10,Individual,Regular
C0786,Customer 0786,Male,36,Mymensingh,R08,2023-06-12,Individual,Occasional
C0787,Customer 0787,Female,33,Pabna,R03,2024-09-24,Business,Occasional
C0788,Customer 0788,Female,19,Natore,R03,2024-10-21,Individual,Regular
C0789,Customer 0789,Male,41,Chattogram,R02,2023-04-08,Business,Occasional
C0790,Customer 0790,Male,44,Dhaka,R01,2023-07-25,Individual,Occasional
C0791,Customer 0791,Male,20,Dinajpur,R06,2023-01-04,Business,Regular
C0792,Customer 0792,Male,42,Dinajpur,R06,2023-05-24,Business,Occasional
C0793,Customer 0793,Male,37,Moulvibazar,R05,2023-01-09,Individual,Occasional
C0794,Customer 0794,Male,41,Gazipur,R01,2023-08-30,Individual,Regular
C0795,Customer 0795,Female,41,Dinajpur,R06,2023-03-20,Individual,Regular
C0796,Customer 0796,Male,26,Cumilla,R02,2023-01-17,Individual,Regular
C0797,Customer 0797,Male,40,Netrokona,R08,2023-04-16,Individual,Regular
C0798,Customer 0798,Male,25,Chattogram,R02,2024-04-16,Individual,Occasional
C0799,Customer 0799,Female,50,Pabna,R03,2024-04-11,Individual,Occasional
C0800,Customer 0800,Male,23,Cox's Bazar,R02,2023-03-13,Individual,Occasional
C0801,Customer 0801,Male,18,Dhaka,R01,2023-11-08,Individual,Regular
C0802,Customer 0802,Female,18,Jessore,R04,2023-06-08,Individual,Regular
C0803,Customer 0803,Male,41,Jessore,R04,2024-10-29,Individual,Occasional
C0804,Customer 0804,Male,30,Kurigram,R06,2024-08-22,Individual,Regular
C0805,Customer 0805,Female,25,Sylhet,R05,2023-05-10,Individual,Occasional
C0806,Customer 0806,Male,51,Sylhet,R05,2024-03-15,Business,One-Time
C0807,Customer 0807,Male,47,Jamalpur,R08,2023-09-18,Individual,Frequent
C0808,Customer 0808,Female,38,Cox's Bazar,R02,2023-01-20,Individual,Frequent
C0809,Customer 0809,Male,29,Cumilla,R02,2025-10-25,Individual,Occasional
C0810,Customer 0810,Male,19,Satkhira,R04,2023-01-10,Individual,Occasional
C0811,Customer 0811,Male,31,Cumilla,R02,2023-09-12,Individual,Frequent
C0812,Customer 0812,Female,33,Natore,R03,2023-11-03,Business,Regular
C0813,Customer 0813,Female,50,Natore,R03,2023-11-09,Business,Frequent
C0814,Customer 0814,Female,28,Mymensingh,R08,2024-10-18,Individual,One-Time
C0815,Customer 0815,Male,31,Barishal,R07,2025-08-09,Individual,Frequent
C0816,Customer 0816,Female,54,Chattogram,R02,2023-09-10,Individual,Regular
C0817,Customer 0817,Female,36,Natore,R03,2023-02-20,Individual,Occasional
C0818,Customer 0818,Male,40,Dinajpur,R06,2024-09-15,Individual,Regular
C0819,Customer 0819,Male,18,Kurigram,R06,2023-05-17,Individual,Occasional
C0820,Customer 0820,Male,37,Chattogram,R02,2024-05-27,Business,Occasional
C0821,Customer 0821,Female,34,Jessore,R04,2023-04-07,Individual,Regular
C0822,Customer 0822,Female,36,Jessore,R04,2023-09-18,Individual,Regular
C0823,Customer 0823,Female,42,Khulna,R04,2024-06-02,Individual,Occasional
C0824,Customer 0824,Female,32,Kurigram,R06,2023-10-09,Individual,Regular
C0825,Customer 0825,Male,26,Jamalpur,R08,2023-02-07,Individual,Regular
C0826,Customer 0826,Male,33,Sylhet,R05,2023-08-22,Individual,Regular
C0827,Customer 0827,Male,27,Dinajpur,R06,2023-02-14,Individual,Frequent
C0828,Customer 0828,Female,36,Rangpur,R06,2023-12-22,Individual,Regular
C0829,Customer 0829,Male,43,Kurigram,R06,2023-07-07,Individual,Occasional
C0830,Customer 0830,Male,34,Dinajpur,R06,2025-10-02,Individual,Frequent
C0831,Customer 0831,Male,32,Netrokona,R08,2025-07-20,Individual,Frequent
C0832,Customer 0832,Female,31,Dinajpur,R06,2023-08-08,Individual,Occasional
C0833,Customer 0833,Male,45,Habiganj,R05,2023-02-08,Individual,Regular
C0834,Customer 0834,Female,25,Dhaka,R01,2023-09-22,Individual,Regular
C0835,Customer 0835,Female,41,Khulna,R04,2025-06-28,Individual,Regular
C0836,Customer 0836,Male,34,Mymensingh,R08,2023-06-14,Individual,Regular
C0837,Customer 0837,Female,30,Moulvibazar,R05,2023-04-05,Individual,Frequent
C0838,Customer 0838,Male,33,Dhaka,R01,2023-05-25,Individual,Regular
C0839,Customer 0839,Female,65,Rajshahi,R03,2023-08-23,Individual,Regular
C0840,Customer 0840,Female,18,Satkhira,R04,2023-11-08,Business,Occasional
C0841,Customer 0841,Male,36,Bhola,R07,2023-04-02,Individual,Occasional
C0842,Customer 0842,Male,28,Dinajpur,R06,2024-10-05,Individual,Regular
C0843,Customer 0843,Female,18,Natore,R03,2024-02-06,Individual,Occasional
C0844,Customer 0844,Female,26,Kurigram,R06,2024-03-23,Individual,Occasional
C0845,Customer 0845,Male,18,Satkhira,R04,2023-08-14,Individual,Regular
C0846,Customer 0846,Female,39,Mymensingh,R08,2023-08-10,Individual,Frequent
C0847,Customer 0847,Male,51,Netrokona,R08,2023-06-04,Individual,Regular
C0848,Customer 0848,Female,20,Natore,R03,2024-11-13,Individual,Regular
C0849,Customer 0849,Male,59,Gazipur,R01,2023-05-13,Individual,Occasional
C0850,Customer 0850,Female,35,Pabna,R03,2024-02-28,Individual,Regular
C0851,Customer 0851,Female,37,Cox's Bazar,R02,2023-01-25,Individual,One-Time
C0852,Customer 0852,Male,40,Natore,R03,2024-10-09,Individual,Occasional
C0853,Customer 0853,Female,31,Jamalpur,R08,2023-10-12,Individual,Frequent
C0854,Customer 0854,Female,28,Chattogram,R02,2023-06-21,Individual,Regular
C0855,Customer 0855,Male,45,Narayanganj,R01,2023-11-26,Individual,One-Time
C0856,Customer 0856,Male,34,Chattogram,R02,2023-04-21,Individual,Regular
C0857,Customer 0857,Female,24,Satkhira,R04,2023-07-02,Individual,Frequent
C0858,Customer 0858,Male,27,Satkhira,R04,2023-08-03,Individual,Regular
C0859,Customer 0859,Male,33,Cumilla,R02,2023-01-26,Individual,Occasional
C0860,Customer 0860,Male,54,Barishal,R07,2024-09-21,Individual,Occasional
C0861,Customer 0861,Male,33,Mymensingh,R08,2023-06-09,Individual,One-Time
C0862,Customer 0862,Male,45,Pirojpur,R07,2023-03-25,Individual,One-Time
C0863,Customer 0863,Female,24,Moulvibazar,R05,2024-10-06,Individual,One-Time
C0864,Customer 0864,Male,31,Sylhet,R05,2023-09-13,Individual,Regular
C0865,Customer 0865,Male,34,Cox's Bazar,R02,2023-06-01,Business,Occasional
C0866,Customer 0866,Female,32,Netrokona,R08,2024-08-08,Individual,Regular
C0867,Customer 0867,Female,18,Sylhet,R05,2024-04-30,Individual,Occasional
C0868,Customer 0868,Female,46,Moulvibazar,R05,2023-06-08,Individual,Frequent
C0869,Customer 0869,Male,49,Gazipur,R01,2024-12-31,Individual,Occasional
C0870,Customer 0870,Female,48,Rajshahi,R03,2023-02-08,Individual,Frequent
C0871,Customer 0871,Male,34,Satkhira,R04,2023-03-02,Business,Frequent
C0872,Customer 0872,Female,42,Dhaka,R01,2023-05-31,Individual,Occasional
C0873,Customer 0873,Male,27,Rajshahi,R03,2023-08-14,Business,Occasional
C0874,Customer 0874,Male,43,Gazipur,R01,2024-08-01,Individual,Frequent
C0875,Customer 0875,Female,40,Kurigram,R06,2023-06-14,Individual,Occasional
C0876,Customer 0876,Male,35,Rajshahi,R03,2024-10-17,Individual,Regular
C0877,Customer 0877,Female,18,Dinajpur,R06,2023-01-06,Individual,One-Time
C0878,Customer 0878,Female,51,Dhaka,R01,2023-04-24,Individual,Occasional
C0879,Customer 0879,Male,26,Pabna,R03,2023-10-14,Individual,Regular
C0880,Customer 0880,Female,35,Jamalpur,R08,2023-05-02,Individual,Regular
C0881,Customer 0881,Female,56,Kurigram,R06,2024-01-28,Individual,Regular
C0882,Customer 0882,Male,43,Chattogram,R02,2023-04-28,Individual,Frequent
C0883,Customer 0883,Female,27,Pabna,R03,2023-02-06,Individual,One-Time
C0884,Customer 0884,Female,22,Jessore,R04,2023-08-05,Individual,One-Time
C0885,Customer 0885,Female,41,Bhola,R07,2023-08-03,Individual,One-Time
C0886,Customer 0886,Male,37,Satkhira,R04,2024-10-26,Individual,Frequent
C0887,Customer 0887,Female,45,Satkhira,R04,2023-04-20,Business,Frequent
C0888,Customer 0888,Male,31,Moulvibazar,R05,2025-06-17,Individual,Occasional
C0889,Customer 0889,Male,44,Khulna,R04,2023-11-19,Individual,Occasional
C0890,Customer 0890,Female,24,Pabna,R03,2023-11-03,Individual,Regular
C0891,Customer 0891,Male,27,Pirojpur,R07,2023-01-26,Individual,Regular
C0892,Customer 0892,Male,33,Chattogram,R02,2023-01-13,Individual,Occasional
C0893,Customer 0893,Female,39,Moulvibazar,R05,2024-06-18,Business,Frequent
C0894,Customer 0894,Female,46,Narayanganj,R01,2025-08-06,Individual,Regular
C0895,Customer 0895,Male,39,Rajshahi,R03,2024-05-11,Individual,Occasional
C0896,Customer 0896,Female,35,Narayanganj,R01,2023-06-16,Individual,Occasional
C0897,Customer 0897,Male,36,Habiganj,R05,2023-05-13,Individual,Regular
C0898,Customer 0898,Male,46,Bhola,R07,2023-03-30,Business,Occasional
C0899,Customer 0899,Female,23,Rangpur,R06,2023-05-12,Individual,Regular
C0900,Customer 0900,Female,41,Khulna,R04,2023-05-08,Business,Occasional
C0901,Customer 0901,Male,27,Moulvibazar,R05,2023-03-15,Individual,Regular
C0902,Customer 0902,Female,39,Rajshahi,R03,2023-05-21,Individual,Occasional
C0903,Customer 0903,Female,32,Gazipur,R01,2024-03-29,Individual,Regular
C0904,Customer 0904,Female,32,Barishal,R07,2023-09-18,Individual,Occasional
C0905,Customer 0905,Female,37,Mymensingh,R08,2023-06-27,Individual,Regular
C0906,Customer 0906,Female,30,Satkhira,R04,2023-05-19,Individual,One-Time
C0907,Customer 0907,Female,31,Dinajpur,R06,2023-08-19,Individual,Frequent
C0908,Customer 0908,Male,34,Natore,R03,2023-07-03,Individual,Frequent
C0909,Customer 0909,Female,25,Narayanganj,R01,2023-04-28,Individual,Occasional
C0910,Customer 0910,Male,44,Jessore,R04,2023-07-23,Individual,Occasional
C0911,Customer 0911,Female,33,Pirojpur,R07,2024-10-16,Individual,Regular
C0912,Customer 0912,Female,24,Mymensingh,R08,2024-01-21,Individual,Occasional
C0913,Customer 0913,Female,53,Habiganj,R05,2023-04-04,Individual,Regular
C0914,Customer 0914,Male,51,Sylhet,R05,2023-06-02,Business,Regular
C0915,Customer 0915,Male,31,Habiganj,R05,2023-01-10,Individual,Regular
C0916,Customer 0916,Male,31,Pabna,R03,2023-03-20,Business,Frequent
C0917,Customer 0917,Male,23,Dhaka,R01,2023-04-14,Individual,Occasional
C0918,Customer 0918,Female,51,Habiganj,R05,2023-07-25,Individual,Regular
C0919,Customer 0919,Male,29,Chattogram,R02,2023-11-24,Individual,Frequent
C0920,Customer 0920,Female,35,Natore,R03,2023-01-23,Individual,One-Time
C0921,Customer 0921,Male,36,Kurigram,R06,2023-10-18,Individual,Occasional
C0922,Customer 0922,Male,20,Moulvibazar,R05,2023-04-28,Individual,Frequent
C0923,Customer 0923,Male,52,Bhola,R07,2024-07-09,Individual,Occasional
C0924,Customer 0924,Male,39,Netrokona,R08,2023-09-11,Individual,Occasional
C0925,Customer 0925,Female,23,Bhola,R07,2023-06-09,Individual,Occasional
C0926,Customer 0926,Female,32,Dinajpur,R06,2024-09-27,Individual,Occasional
C0927,Customer 0927,Female,33,Dhaka,R01,2023-03-02,Individual,Occasional
C0928,Customer 0928,Male,33,Pirojpur,R07,2023-05-02,Business,Regular
C0929,Customer 0929,Male,49,Narayanganj,R01,2024-12-16,Individual,Occasional
C0930,Customer 0930,Female,27,Sylhet,R05,2023-09-15,Individual,Regular
C0931,Customer 0931,Male,39,Natore,R03,2023-04-17,Individual,Occasional
C0932,Customer 0932,Female,26,Habiganj,R05,2023-09-22,Individual,Occasional
C0933,Customer 0933,Male,33,Kurigram,R06,2023-06-06,Individual,Regular
C0934,Customer 0934,Male,27,Kurigram,R06,2023-07-20,Individual,Regular
C0935,Customer 0935,Male,37,Pirojpur,R07,2023-12-07,Individual,Regular
C0936,Customer 0936,Female,37,Moulvibazar,R05,2023-08-07,Individual,Regular
C0937,Customer 0937,Female,32,Bhola,R07,2023-09-15,Individual,Occasional
C0938,Customer 0938,Female,41,Barishal,R07,2023-09-15,Individual,Occasional
C0939,Customer 0939,Female,23,Mymensingh,R08,2023-10-20,Individual,Frequent
C0940,Customer 0940,Male,27,Narayanganj,R01,2023-02-16,Individual,Occasional
C0941,Customer 0941,Female,36,Cumilla,R02,2024-11-21,Individual,Occasional
C0942,Customer 0942,Female,31,Barishal,R07,2023-11-26,Individual,Regular
C0943,Customer 0943,Male,34,Bhola,R07,2023-07-29,Individual,One-Time
C0944,Customer 0944,Female,26,Moulvibazar,R05,2023-01-03,Business,Regular
C0945,Customer 0945,Male,31,Sylhet,R05,2023-07-06,Business,Regular
C0946,Customer 0946,Male,30,Netrokona,R08,2023-06-26,Individual,Regular
C0947,Customer 0947,Female,34,Dinajpur,R06,2023-08-08,Individual,Frequent
C0948,Customer 0948,Female,21,Cox's Bazar,R02,2023-03-02,Individual,One-Time
C0949,Customer 0949,Female,28,Cumilla,R02,2024-05-28,Individual,One-Time
C0950,Customer 0950,Male,45,Narayanganj,R01,2024-12-18,Individual,Regular
C0951,Customer 0951,Male,25,Netrokona,R08,2023-12-27,Individual,Regular
C0952,Customer 0952,Male,41,Khulna,R04,2023-11-09,Individual,Regular
C0953,Customer 0953,Male,23,Barishal,R07,2023-05-20,Individual,Occasional
C0954,Customer 0954,Male,43,Jessore,R04,2023-12-12,Individual,Regular
C0955,Customer 0955,Male,21,Sylhet,R05,2023-05-25,Individual,One-Time
C0956,Customer 0956,Female,38,Jessore,R04,2024-02-12,Individual,Occasional
C0957,Customer 0957,Female,34,Mymensingh,R08,2024-03-02,Individual,Regular
C0958,Customer 0958,Male,18,Kurigram,R06,2024-04-30,Individual,Occasional
C0959,Customer 0959,Male,20,Netrokona,R08,2023-04-14,Individual,Frequent
C0960,Customer 0960,Male,24,Natore,R03,2025-05-04,Individual,Regular
C0961,Customer 0961,Female,19,Rajshahi,R03,2023-02-27,Individual,One-Time
C0962,Customer 0962,Female,26,Pabna,R03,2023-08-02,Individual,One-Time
C0963,Customer 0963,Female,18,Moulvibazar,R05,2023-04-18,Individual,Frequent
C0964,Customer 0964,Female,41,Rangpur,R06,2024-12-15,Business,Regular
C0965,Customer 0965,Female,43,Pirojpur,R07,2023-12-22,Individual,Frequent
C0966,Customer 0966,Male,26,Satkhira,R04,2024-06-03,Individual,Regular
C0967,Customer 0967,Male,38,Natore,R03,2023-05-03,Individual,Frequent
C0968,Customer 0968,Female,44,Kurigram,R06,2025-11-07,Individual,Occasional
C0969,Customer 0969,Female,48,Pabna,R03,2023-01-11,Individual,Occasional
C0970,Customer 0970,Female,50,Mymensingh,R08,2023-09-29,Individual,Regular
C0971,Customer 0971,Male,38,Jamalpur,R08,2025-06-05,Business,Regular
C0972,Customer 0972,Male,37,Pirojpur,R07,2023-09-20,Individual,Occasional
C0973,Customer 0973,Female,30,Pabna,R03,2023-11-02,Individual,Frequent
C0974,Customer 0974,Female,26,Natore,R03,2023-12-22,Individual,Regular
C0975,Customer 0975,Male,18,Satkhira,R04,2023-01-14,Individual,Regular
C0976,Customer 0976,Female,30,Khulna,R04,2023-03-01,Individual,Occasional
C0977,Customer 0977,Female,25,Gazipur,R01,2023-08-13,Individual,Occasional
C0978,Customer 0978,Male,18,Cumilla,R02,2023-09-10,Individual,One-Time
C0979,Customer 0979,Male,31,Jamalpur,R08,2024-01-18,Individual,Occasional
C0980,Customer 0980,Female,29,Gazipur,R01,2023-07-07,Individual,Occasional
C0981,Customer 0981,Female,21,Barishal,R07,2023-12-05,Individual,Regular
C0982,Customer 0982,Male,35,Pabna,R03,2023-03-14,Individual,Frequent
C0983,Customer 0983,Male,39,Rangpur,R06,2023-10-13,Individual,Regular
C0984,Customer 0984,Male,60,Netrokona,R08,2023-03-13,Individual,Regular
C0985,Customer 0985,Male,27,Moulvibazar,R05,2024-12-14,Individual,Occasional
C0986,Customer 0986,Male,18,Habiganj,R05,2024-10-27,Individual,Regular
C0987,Customer 0987,Female,30,Bhola,R07,2023-07-06,Individual,Occasional
C0988,Customer 0988,Male,24,Habiganj,R05,2023-07-16,Business,Occasional
C0989,Customer 0989,Female,42,Rajshahi,R03,2023-12-06,Individual,Occasional
C0990,Customer 0990,Male,33,Sylhet,R05,2023-01-20,Business,Regular
C0991,Customer 0991,Female,37,Natore,R03,2023-11-25,Individual,Occasional
C0992,Customer 0992,Female,46,Chattogram,R02,2023-05-24,Individual,Occasional
C0993,Customer 0993,Male,32,Dhaka,R01,2023-02-23,Business,Occasional
C0994,Customer 0994,Female,43,Netrokona,R08,2023-02-12,Individual,Regular
C0995,Customer 0995,Male,35,Cumilla,R02,2023-08-18,Individual,Frequent
C0996,Customer 0996,Female,18,Jamalpur,R08,2023-11-28,Individual,One-Time
C0997,Customer 0997,Male,25,Jamalpur,R08,2023-01-11,Individual,Frequent
C0998,Customer 0998,Male,29,Dhaka,R01,2023-05-25,Individual,Occasional
C0999,Customer 0999,Male,66,Rajshahi,R03,2023-01-10,Individual,Regular
C1000,Customer 1000,Male,31,Mymensingh,R08,2023-01-18,Business,Occasional
C1001,Customer 1001,Female,38,Moulvibazar,R05,2023-02-21,Individual,Regular
C1002,Customer 1002,Male,42,Rajshahi,R03,2023-11-20,Individual,One-Time
C1003,Customer 1003,Male,33,Cox's Bazar,R02,2024-09-01,Individual,Regular
C1004,Customer 1004,Male,40,Jamalpur,R08,2023-11-17,Individual,Regular
C1005,Customer 1005,Male,33,Dinajpur,R06,2024-01-30,Individual,One-Time
C1006,Customer 1006,Male,32,Narayanganj,R01,2024-07-29,Individual,Frequent
C1007,Customer 1007,Female,29,Dhaka,R01,2023-09-21,Individual,Occasional
C1008,Customer 1008,Male,24,Pirojpur,R07,2023-03-09,Individual,One-Time
C1009,Customer 1009,Male,24,Netrokona,R08,2023-11-15,Individual,Occasional
C1010,Customer 1010,Male,42,Moulvibazar,R05,2024-02-23,Individual,Regular
C1011,Customer 1011,Male,28,Moulvibazar,R05,2023-03-17,Individual,Occasional
C1012,Customer 1012,Male,30,Gazipur,R01,2024-07-20,Individual,Regular
C1013,Customer 1013,Male,19,Chattogram,R02,2023-11-20,Individual,Regular
C1014,Customer 1014,Female,35,Pirojpur,R07,2023-04-27,Individual,Regular
C1015,Customer 1015,Male,26,Chattogram,R02,2023-10-23,Business,Occasional
C1016,Customer 1016,Male,30,Narayanganj,R01,2023-08-04,Individual,Frequent
C1017,Customer 1017,Female,45,Cox's Bazar,R02,2023-06-12,Individual,Regular
C1018,Customer 1018,Male,24,Chattogram,R02,2023-02-05,Individual,Regular
C1019,Customer 1019,Male,20,Cumilla,R02,2023-07-17,Individual,One-Time
C1020,Customer 1020,Female,24,Cumilla,R02,2024-10-31,Individual,Frequent
C1021,Customer 1021,Male,26,Jessore,R04,2023-02-05,Business,One-Time
C1022,Customer 1022,Female,29,Cumilla,R02,2023-10-26,Individual,Occasional
C1023,Customer 1023,Male,27,Pirojpur,R07,2023-05-05,Individual,Regular
C1024,Customer 1024,Female,19,Khulna,R04,2024-06-02,Individual,Occasional
C1025,Customer 1025,Male,31,Habiganj,R05,2023-07-18,Individual,Frequent
C1026,Customer 1026,Female,34,Jessore,R04,2024-11-27,Individual,Regular
C1027,Customer 1027,Female,27,Netrokona,R08,2023-12-27,Individual,Regular
C1028,Customer 1028,Male,25,Pirojpur,R07,2023-05-22,Individual,Regular
C1029,Customer 1029,Male,34,Natore,R03,2023-03-03,Individual,Occasional
C1030,Customer 1030,Male,29,Pirojpur,R07,2023-04-07,Individual,One-Time
C1031,Customer 1031,Female,26,Satkhira,R04,2024-01-07,Individual,Regular
C1032,Customer 1032,Female,29,Netrokona,R08,2023-07-03,Individual,Occasional
C1033,Customer 1033,Male,31,Sylhet,R05,2023-08-20,Business,Occasional
C1034,Customer 1034,Female,47,Kurigram,R06,2025-08-15,Individual,Frequent
C1035,Customer 1035,Female,34,Kurigram,R06,2025-01-18,Individual,Regular
C1036,Customer 1036,Male,50,Pirojpur,R07,2024-01-08,Individual,Regular
C1037,Customer 1037,Male,40,Rajshahi,R03,2023-09-09,Individual,Regular
C1038,Customer 1038,Male,30,Bhola,R07,2023-02-10,Individual,Regular
C1039,Customer 1039,Male,18,Kurigram,R06,2024-02-09,Individual,One-Time
C1040,Customer 1040,Female,20,Cox's Bazar,R02,2023-05-20,Individual,Regular
C1041,Customer 1041,Male,46,Jessore,R04,2023-09-04,Individual,Occasional
C1042,Customer 1042,Male,40,Narayanganj,R01,2024-04-19,Business,Regular
C1043,Customer 1043,Female,31,Sylhet,R05,2023-11-18,Individual,Frequent
C1044,Customer 1044,Male,33,Mymensingh,R08,2023-06-10,Individual,Occasional
C1045,Customer 1045,Female,32,Cumilla,R02,2025-02-17,Individual,Regular
C1046,Customer 1046,Female,32,Mymensingh,R08,2023-01-04,Individual,Frequent
C1047,Customer 1047,Male,18,Pirojpur,R07,2023-07-28,Individual,Occasional
C1048,Customer 1048,Male,49,Cumilla,R02,2023-05-18,Individual,Regular
C1049,Customer 1049,Female,18,Gazipur,R01,2023-01-08,Individual,One-Time
C1050,Customer 1050,Female,29,Pirojpur,R07,2023-04-20,Individual,One-Time
C1051,Customer 1051,Male,26,Narayanganj,R01,2024-06-07,Business,Occasional
C1052,Customer 1052,Male,36,Mymensingh,R08,2024-01-24,Individual,Occasional
C1053,Customer 1053,Male,32,Narayanganj,R01,2023-11-16,Individual,Occasional
C1054,Customer 1054,Female,24,Barishal,R07,2023-09-23,Individual,Frequent
C1055,Customer 1055,Male,45,Rangpur,R06,2024-03-02,Business,Frequent
C1056,Customer 1056,Male,44,Jamalpur,R08,2023-11-02,Individual,Occasional
C1057,Customer 1057,Male,18,Rajshahi,R03,2023-10-15,Individual,Regular
C1058,Customer 1058,Female,48,Mymensingh,R08,2023-01-12,Individual,Occasional
C1059,Customer 1059,Male,32,Dhaka,R01,2023-12-24,Individual,Occasional
C1060,Customer 1060,Male,29,Natore,R03,2023-03-23,Individual,Occasional
C1061,Customer 1061,Female,37,Cumilla,R02,2023-06-09,Individual,One-Time
C1062,Customer 1062,Female,35,Habiganj,R05,2023-08-27,Individual,Occasional
C1063,Customer 1063,Female,35,Jessore,R04,2023-07-14,Individual,One-Time
C1064,Customer 1064,Male,31,Jamalpur,R08,2023-05-27,Individual,One-Time
C1065,Customer 1065,Female,18,Cumilla,R02,2023-08-29,Individual,One-Time
C1066,Customer 1066,Female,18,Kurigram,R06,2023-01-09,Individual,Regular
C1067,Customer 1067,Male,27,Jessore,R04,2023-07-06,Individual,Regular
C1068,Customer 1068,Male,26,Khulna,R04,2023-08-02,Individual,Occasional
C1069,Customer 1069,Male,43,Mymensingh,R08,2023-12-04,Individual,Occasional
C1070,Customer 1070,Male,18,Rangpur,R06,2023-03-08,Individual,Regular
C1071,Customer 1071,Male,48,Natore,R03,2023-03-19,Individual,Occasional
C1072,Customer 1072,Female,27,Rajshahi,R03,2024-10-31,Individual,One-Time
C1073,Customer 1073,Male,65,Rajshahi,R03,2023-12-13,Individual,Regular
C1074,Customer 1074,Male,29,Satkhira,R04,2024-08-07,Individual,Regular
C1075,Customer 1075,Female,31,Sylhet,R05,2025-07-21,Individual,Frequent
C1076,Customer 1076,Male,40,Rangpur,R06,2023-06-10,Individual,One-Time
C1077,Customer 1077,Female,29,Cumilla,R02,2023-11-10,Individual,Occasional
C1078,Customer 1078,Male,29,Dinajpur,R06,2024-11-09,Individual,Regular
C1079,Customer 1079,Male,39,Narayanganj,R01,2023-04-16,Individual,Regular
C1080,Customer 1080,Male,32,Natore,R03,2023-12-10,Individual,Frequent
C1081,Customer 1081,Male,44,Bhola,R07,2023-12-10,Individual,Frequent
C1082,Customer 1082,Female,41,Kurigram,R06,2023-02-02,Individual,Regular
C1083,Customer 1083,Male,45,Satkhira,R04,2023-01-29,Individual,Occasional
C1084,Customer 1084,Male,23,Bhola,R07,2025-03-23,Individual,Occasional
C1085,Customer 1085,Male,42,Dinajpur,R06,2025-01-08,Individual,Regular
C1086,Customer 1086,Female,52,Habiganj,R05,2023-08-20,Individual,Regular
C1087,Customer 1087,Male,28,Dhaka,R01,2023-11-18,Individual,Regular
C1088,Customer 1088,Female,47,Natore,R03,2023-09-08,Business,Frequent
C1089,Customer 1089,Female,25,Barishal,R07,2024-08-09,Individual,Regular
C1090,Customer 1090,Female,44,Rajshahi,R03,2023-07-22,Individual,Occasional
C1091,Customer 1091,Male,33,Moulvibazar,R05,2024-07-27,Individual,Occasional
C1092,Customer 1092,Female,42,Jamalpur,R08,2024-02-23,Business,Occasional
C1093,Customer 1093,Female,18,Rajshahi,R03,2023-06-09,Individual,Occasional
C1094,Customer 1094,Male,33,Pabna,R03,2023-09-28,Individual,Frequent
C1095,Customer 1095,Male,29,Jessore,R04,2024-02-13,Individual,Regular
C1096,Customer 1096,Male,25,Sylhet,R05,2023-09-14,Individual,Regular
C1097,Customer 1097,Female,43,Dhaka,R01,2023-04-17,Individual,Occasional
C1098,Customer 1098,Male,34,Cumilla,R02,2024-08-12,Individual,Occasional
C1099,Customer 1099,Male,27,Dinajpur,R06,2023-11-04,Individual,Frequent
C1100,Customer 1100,Male,18,Habiganj,R05,2023-01-16,Individual,Frequent
C1101,Customer 1101,Female,36,Gazipur,R01,2023-07-14,Individual,Frequent
C1102,Customer 1102,Female,42,Mymensingh,R08,2023-05-01,Individual,Regular
C1103,Customer 1103,Female,40,Rajshahi,R03,2025-01-29,Business,Frequent
C1104,Customer 1104,Male,29,Habiganj,R05,2023-02-24,Individual,Frequent
C1105,Customer 1105,Male,28,Bhola,R07,2023-09-14,Business,Occasional
C1106,Customer 1106,Male,47,Moulvibazar,R05,2023-12-15,Individual,Occasional
C1107,Customer 1107,Female,35,Cox's Bazar,R02,2025-09-12,Individual,One-Time
C1108,Customer 1108,Female,48,Satkhira,R04,2023-12-24,Business,Regular
C1109,Customer 1109,Male,24,Moulvibazar,R05,2024-12-10,Individual,Regular
C1110,Customer 1110,Male,33,Sylhet,R05,2023-03-09,Individual,Regular
C1111,Customer 1111,Male,38,Gazipur,R01,2024-04-04,Individual,Regular
C1112,Customer 1112,Male,22,Habiganj,R05,2025-03-25,Individual,Regular
C1113,Customer 1113,Male,18,Narayanganj,R01,2024-02-19,Business,Regular
C1114,Customer 1114,Female,28,Natore,R03,2024-04-15,Individual,One-Time
C1115,Customer 1115,Female,38,Dhaka,R01,2023-05-18,Individual,Frequent
C1116,Customer 1116,Male,33,Rajshahi,R03,2024-12-10,Individual,Occasional
C1117,Customer 1117,Female,33,Khulna,R04,2023-07-30,Individual,Frequent
C1118,Customer 1118,Male,36,Pirojpur,R07,2023-08-21,Individual,Occasional
C1119,Customer 1119,Female,55,Kurigram,R06,2024-06-01,Individual,Regular
C1120,Customer 1120,Female,18,Mymensingh,R08,2025-11-24,Individual,Regular
C1121,Customer 1121,Female,28,Bhola,R07,2023-06-24,Individual,One-Time
C1122,Customer 1122,Female,39,Barishal,R07,2023-02-04,Individual,Frequent
C1123,Customer 1123,Male,42,Jessore,R04,2023-12-30,Individual,Regular
C1124,Customer 1124,Female,24,Moulvibazar,R05,2023-01-10,Individual,Occasional
C1125,Customer 1125,Female,40,Satkhira,R04,2023-07-23,Individual,Regular
C1126,Customer 1126,Male,35,Rangpur,R06,2023-01-01,Individual,Regular
C1127,Customer 1127,Male,32,Moulvibazar,R05,2023-04-12,Individual,Regular
C1128,Customer 1128,Male,39,Netrokona,R08,2023-06-27,Business,Occasional
C1129,Customer 1129,Male,36,Gazipur,R01,2024-10-20,Individual,One-Time
C1130,Customer 1130,Male,43,Natore,R03,2023-06-06,Individual,Regular
C1131,Customer 1131,Female,39,Gazipur,R01,2024-06-03,Individual,Occasional
C1132,Customer 1132,Male,26,Mymensingh,R08,2023-12-23,Individual,Occasional
C1133,Customer 1133,Female,22,Netrokona,R08,2023-01-04,Individual,Regular
C1134,Customer 1134,Female,32,Habiganj,R05,2023-09-17,Individual,Occasional
C1135,Customer 1135,Female,32,Kurigram,R06,2023-01-14,Individual,Frequent
C1136,Customer 1136,Male,39,Chattogram,R02,2025-12-24,Individual,Regular
C1137,Customer 1137,Male,34,Bhola,R07,2023-10-22,Business,One-Time
C1138,Customer 1138,Female,20,Cox's Bazar,R02,2023-03-18,Individual,Frequent
C1139,Customer 1139,Female,28,Habiganj,R05,2024-07-29,Individual,Regular
C1140,Customer 1140,Male,54,Satkhira,R04,2025-01-24,Individual,One-Time
C1141,Customer 1141,Male,26,Khulna,R04,2023-03-24,Individual,Regular
C1142,Customer 1142,Female,39,Jamalpur,R08,2023-10-01,Individual,Regular
C1143,Customer 1143,Female,29,Netrokona,R08,2023-07-23,Individual,One-Time
C1144,Customer 1144,Male,45,Rajshahi,R03,2023-09-23,Individual,Regular
C1145,Customer 1145,Female,34,Cox's Bazar,R02,2023-12-11,Individual,Regular
C1146,Customer 1146,Male,42,Habiganj,R05,2023-12-11,Individual,Occasional
C1147,Customer 1147,Female,37,Jamalpur,R08,2024-01-07,Individual,Regular
C1148,Customer 1148,Female,36,Barishal,R07,2023-06-03,Individual,Regular
C1149,Customer 1149,Male,29,Chattogram,R02,2023-09-06,Individual,Occasional
C1150,Customer 1150,Male,30,Natore,R03,2023-04-04,Individual,Occasional
C1151,Customer 1151,Female,32,Cox's Bazar,R02,2024-03-23,Business,One-Time
C1152,Customer 1152,Male,24,Moulvibazar,R05,2023-03-20,Individual,Occasional
C1153,Customer 1153,Male,34,Chattogram,R02,2024-05-28,Individual,One-Time
C1154,Customer 1154,Male,51,Kurigram,R06,2024-03-15,Individual,Occasional
C1155,Customer 1155,Male,36,Cox's Bazar,R02,2023-09-08,Individual,Occasional
C1156,Customer 1156,Male,33,Rangpur,R06,2023-05-24,Individual,Frequent
C1157,Customer 1157,Female,60,Moulvibazar,R05,2023-07-01,Individual,Occasional
C1158,Customer 1158,Male,38,Habiganj,R05,2023-11-07,Business,Occasional
C1159,Customer 1159,Male,46,Dinajpur,R06,2024-12-09,Individual,One-Time
C1160,Customer 1160,Female,32,Cumilla,R02,2023-04-05,Individual,Regular
C1161,Customer 1161,Female,21,Dinajpur,R06,2024-09-16,Business,Occasional
C1162,Customer 1162,Male,26,Satkhira,R04,2023-08-10,Individual,Occasional
C1163,Customer 1163,Female,24,Gazipur,R01,2023-12-13,Individual,One-Time
C1164,Customer 1164,Male,39,Barishal,R07,2023-04-08,Individual,One-Time
C1165,Customer 1165,Male,18,Jessore,R04,2023-08-12,Individual,One-Time
C1166,Customer 1166,Female,35,Mymensingh,R08,2023-02-10,Individual,Regular
C1167,Customer 1167,Female,18,Mymensingh,R08,2023-04-15,Business,Regular
C1168,Customer 1168,Male,36,Pabna,R03,2023-02-26,Individual,Regular
C1169,Customer 1169,Female,46,Chattogram,R02,2023-01-26,Individual,Occasional
C1170,Customer 1170,Female,24,Dinajpur,R06,2023-04-02,Individual,Frequent
C1171,Customer 1171,Female,38,Bhola,R07,2024-07-31,Business,Regular
C1172,Customer 1172,Male,20,Jamalpur,R08,2023-09-24,Individual,One-Time
C1173,Customer 1173,Male,48,Kurigram,R06,2023-11-06,Individual,One-Time
C1174,Customer 1174,Male,22,Satkhira,R04,2023-04-28,Individual,Occasional
C1175,Customer 1175,Male,38,Sylhet,R05,2023-05-23,Individual,Regular
C1176,Customer 1176,Female,40,Netrokona,R08,2023-09-29,Individual,Occasional
C1177,Customer 1177,Female,28,Pirojpur,R07,2023-12-09,Individual,Occasional
C1178,Customer 1178,Male,47,Dhaka,R01,2025-05-24,Individual,Frequent
C1179,Customer 1179,Female,18,Satkhira,R04,2023-02-06,Individual,Regular
C1180,Customer 1180,Male,41,Mymensingh,R08,2023-01-12,Individual,One-Time
C1181,Customer 1181,Male,41,Narayanganj,R01,2023-12-21,Individual,Frequent
C1182,Customer 1182,Female,18,Narayanganj,R01,2023-12-09,Individual,Occasional
C1183,Customer 1183,Male,25,Kurigram,R06,2023-02-02,Individual,Occasional
C1184,Customer 1184,Female,23,Rangpur,R06,2023-03-19,Individual,Regular
C1185,Customer 1185,Male,44,Satkhira,R04,2023-05-02,Individual,Occasional
C1186,Customer 1186,Female,31,Rangpur,R06,2023-07-06,Individual,Frequent
C1187,Customer 1187,Female,26,Kurigram,R06,2025-09-28,Individual,Occasional
C1188,Customer 1188,Male,34,Chattogram,R02,2023-09-04,Individual,One-Time
C1189,Customer 1189,Male,41,Jessore,R04,2024-11-23,Individual,Occasional
C1190,Customer 1190,Male,29,Jamalpur,R08,2023-05-03,Individual,Regular
C1191,Customer 1191,Female,38,Jamalpur,R08,2023-03-22,Individual,Regular
C1192,Customer 1192,Male,36,Dinajpur,R06,2024-06-03,Individual,Regular
C1193,Customer 1193,Male,21,Sylhet,R05,2023-04-24,Individual,Occasional
C1194,Customer 1194,Male,51,Sylhet,R05,2024-09-01,Individual,Frequent
C1195,Customer 1195,Male,35,Gazipur,R01,2023-11-15,Individual,Occasional
C1196,Customer 1196,Female,38,Jamalpur,R08,2023-03-03,Business,Occasional
C1197,Customer 1197,Female,34,Rajshahi,R03,2024-09-07,Individual,Occasional
C1198,Customer 1198,Male,23,Dinajpur,R06,2023-08-21,Individual,One-Time
C1199,Customer 1199,Male,42,Netrokona,R08,2023-03-26,Individual,Occasional
C1200,Customer 1200,Male,43,Pabna,R03,2023-12-19,Individual,Regular
C1201,Customer 1201,Female,35,Habiganj,R05,2023-03-18,Individual,Occasional
C1202,Customer 1202,Female,31,Narayanganj,R01,2025-10-06,Individual,One-Time
C1203,Customer 1203,Female,22,Chattogram,R02,2023-01-04,Individual,One-Time
C1204,Customer 1204,Male,36,Natore,R03,2023-01-09,Individual,Occasional
C1205,Customer 1205,Male,35,Netrokona,R08,2024-04-08,Individual,Frequent
C1206,Customer 1206,Female,35,Mymensingh,R08,2023-12-14,Individual,One-Time
C1207,Customer 1207,Female,18,Jessore,R04,2023-03-23,Individual,Regular
C1208,Customer 1208,Male,47,Rangpur,R06,2023-07-03,Individual,Occasional
C1209,Customer 1209,Male,38,Pirojpur,R07,2023-05-22,Individual,Regular
C1210,Customer 1210,Female,30,Chattogram,R02,2023-04-13,Individual,Occasional
C1211,Customer 1211,Female,30,Pirojpur,R07,2023-07-07,Individual,Occasional
C1212,Customer 1212,Male,27,Mymensingh,R08,2023-09-16,Individual,One-Time
C1213,Customer 1213,Male,35,Jamalpur,R08,2023-02-22,Individual,Frequent
C1214,Customer 1214,Female,29,Netrokona,R08,2023-01-07,Individual,Occasional
C1215,Customer 1215,Female,20,Rajshahi,R03,2024-03-30,Individual,Regular
C1216,Customer 1216,Male,21,Mymensingh,R08,2023-07-13,Individual,Occasional
C1217,Customer 1217,Male,38,Habiganj,R05,2023-01-10,Individual,Regular
C1218,Customer 1218,Male,32,Narayanganj,R01,2025-12-20,Individual,Occasional
C1219,Customer 1219,Female,31,Cumilla,R02,2023-08-07,Individual,Regular
C1220,Customer 1220,Female,56,Kurigram,R06,2023-12-07,Individual,One-Time
C1221,Customer 1221,Male,45,Rangpur,R06,2023-07-28,Individual,One-Time
C1222,Customer 1222,Male,21,Narayanganj,R01,2023-05-05,Individual,Occasional
C1223,Customer 1223,Female,36,Dinajpur,R06,2024-04-03,Individual,Occasional
C1224,Customer 1224,Female,21,Bhola,R07,2024-02-23,Individual,One-Time
C1225,Customer 1225,Male,51,Mymensingh,R08,2023-03-05,Individual,Regular
C1226,Customer 1226,Male,28,Cumilla,R02,2023-11-24,Individual,Occasional
C1227,Customer 1227,Female,36,Kurigram,R06,2023-06-11,Individual,Frequent
C1228,Customer 1228,Female,32,Jamalpur,R08,2023-04-05,Individual,Regular
C1229,Customer 1229,Male,53,Pabna,R03,2023-08-02,Individual,Regular
C1230,Customer 1230,Female,37,Pabna,R03,2023-06-27,Individual,One-Time
C1231,Customer 1231,Male,30,Pabna,R03,2023-12-25,Individual,Regular
C1232,Customer 1232,Male,27,Rangpur,R06,2023-05-30,Individual,One-Time
C1233,Customer 1233,Male,45,Jessore,R04,2023-01-13,Individual,Regular
C1234,Customer 1234,Female,35,Rangpur,R06,2023-02-26,Individual,Frequent
C1235,Customer 1235,Female,40,Jamalpur,R08,2023-11-02,Individual,One-Time
C1236,Customer 1236,Male,32,Chattogram,R02,2023-08-08,Individual,Frequent
C1237,Customer 1237,Female,36,Barishal,R07,2024-10-30,Individual,Occasional
C1238,Customer 1238,Female,51,Pirojpur,R07,2023-01-02,Individual,Regular
C1239,Customer 1239,Male,32,Dinajpur,R06,2024-02-17,Business,Frequent
C1240,Customer 1240,Male,33,Rajshahi,R03,2023-04-27,Individual,Regular
C1241,Customer 1241,Female,41,Jessore,R04,2024-08-08,Business,Frequent
C1242,Customer 1242,Male,44,Mymensingh,R08,2023-05-06,Individual,Occasional
C1243,Customer 1243,Male,37,Pirojpur,R07,2023-12-04,Business,Frequent
C1244,Customer 1244,Male,35,Jamalpur,R08,2023-08-28,Individual,One-Time
C1245,Customer 1245,Male,26,Dhaka,R01,2023-06-15,Individual,Occasional
C1246,Customer 1246,Female,36,Chattogram,R02,2023-10-11,Individual,Frequent
C1247,Customer 1247,Female,54,Jessore,R04,2023-06-13,Individual,Occasional
C1248,Customer 1248,Male,45,Cumilla,R02,2024-04-03,Individual,Regular
C1249,Customer 1249,Male,27,Chattogram,R02,2023-08-01,Individual,Regular
C1250,Customer 1250,Male,29,Jessore,R04,2023-03-02,Individual,Regular
C1251,Customer 1251,Male,42,Dinajpur,R06,2023-08-01,Individual,Frequent
C1252,Customer 1252,Female,34,Chattogram,R02,2023-05-08,Individual,Occasional
C1253,Customer 1253,Male,22,Khulna,R04,2023-08-02,Individual,Frequent
C1254,Customer 1254,Male,18,Gazipur,R01,2023-10-20,Individual,Occasional
C1255,Customer 1255,Female,24,Satkhira,R04,2023-02-10,Individual,Regular
C1256,Customer 1256,Male,58,Chattogram,R02,2024-07-13,Individual,Regular
C1257,Customer 1257,Male,36,Pirojpur,R07,2024-10-14,Individual,Occasional
C1258,Customer 1258,Female,46,Kurigram,R06,2023-03-04,Individual,Occasional
C1259,Customer 1259,Female,43,Bhola,R07,2023-07-09,Individual,Occasional
C1260,Customer 1260,Male,52,Rangpur,R06,2024-10-30,Individual,Regular
C1261,Customer 1261,Male,47,Cox's Bazar,R02,2025-01-06,Individual,Occasional
C1262,Customer 1262,Male,44,Narayanganj,R01,2023-05-26,Business,Occasional
C1263,Customer 1263,Male,25,Sylhet,R05,2024-07-22,Individual,Occasional
C1264,Customer 1264,Male,38,Rangpur,R06,2024-03-06,Individual,Regular
C1265,Customer 1265,Male,18,Pabna,R03,2024-02-18,Individual,Regular
C1266,Customer 1266,Female,24,Rajshahi,R03,2023-08-13,Individual,One-Time
C1267,Customer 1267,Male,26,Cumilla,R02,2023-07-30,Individual,Regular
C1268,Customer 1268,Male,31,Moulvibazar,R05,2023-08-08,Individual,Regular
C1269,Customer 1269,Male,35,Rangpur,R06,2023-03-15,Individual,Occasional
C1270,Customer 1270,Female,45,Sylhet,R05,2023-11-28,Business,Occasional
C1271,Customer 1271,Female,24,Narayanganj,R01,2023-07-10,Individual,Occasional
C1272,Customer 1272,Male,30,Bhola,R07,2023-11-24,Individual,Occasional
C1273,Customer 1273,Female,44,Netrokona,R08,2023-07-10,Individual,One-Time
C1274,Customer 1274,Female,28,Mymensingh,R08,2024-01-24,Individual,Regular
C1275,Customer 1275,Female,48,Rajshahi,R03,2023-12-09,Individual,Regular
C1276,Customer 1276,Male,40,Cox's Bazar,R02,2023-02-20,Individual,Occasional
C1277,Customer 1277,Female,28,Kurigram,R06,2024-03-05,Individual,Frequent
C1278,Customer 1278,Female,29,Mymensingh,R08,2024-02-19,Individual,One-Time
C1279,Customer 1279,Male,21,Narayanganj,R01,2025-07-24,Individual,One-Time
C1280,Customer 1280,Male,40,Cox's Bazar,R02,2024-08-06,Individual,Regular
C1281,Customer 1281,Female,40,Jessore,R04,2024-03-01,Individual,Occasional
C1282,Customer 1282,Male,34,Pirojpur,R07,2023-01-09,Individual,Regular
C1283,Customer 1283,Female,45,Pabna,R03,2023-10-20,Individual,Regular
C1284,Customer 1284,Male,20,Kurigram,R06,2023-02-25,Individual,Frequent
C1285,Customer 1285,Female,33,Natore,R03,2023-03-21,Individual,Frequent
C1286,Customer 1286,Male,39,Cox's Bazar,R02,2024-03-28,Individual,Regular
C1287,Customer 1287,Female,42,Satkhira,R04,2023-05-03,Individual,Regular
C1288,Customer 1288,Male,20,Mymensingh,R08,2023-10-24,Individual,Occasional
C1289,Customer 1289,Male,29,Pabna,R03,2023-12-21,Individual,Regular
C1290,Customer 1290,Female,28,Rajshahi,R03,2023-11-13,Individual,Frequent
C1291,Customer 1291,Male,28,Gazipur,R01,2023-04-02,Business,Regular
C1292,Customer 1292,Female,37,Kurigram,R06,2023-05-08,Individual,One-Time
C1293,Customer 1293,Female,27,Kurigram,R06,2024-11-11,Individual,One-Time
C1294,Customer 1294,Male,36,Gazipur,R01,2023-02-20,Individual,Occasional
C1295,Customer 1295,Male,48,Satkhira,R04,2024-05-21,Individual,Regular
C1296,Customer 1296,Male,20,Khulna,R04,2023-07-02,Individual,Regular
C1297,Customer 1297,Female,33,Cumilla,R02,2023-08-21,Individual,Regular
C1298,Customer 1298,Female,42,Sylhet,R05,2023-09-15,Individual,Occasional
C1299,Customer 1299,Female,27,Khulna,R04,2024-06-23,Individual,Occasional
C1300,Customer 1300,Male,36,Bhola,R07,2023-01-21,Individual,One-Time
C1301,Customer 1301,Female,29,Kurigram,R06,2024-11-09,Individual,Occasional
C1302,Customer 1302,Female,40,Moulvibazar,R05,2023-08-06,Business,Frequent
C1303,Customer 1303,Female,38,Gazipur,R01,2023-10-30,Individual,Regular
C1304,Customer 1304,Female,50,Cumilla,R02,2024-12-07,Business,Occasional
C1305,Customer 1305,Male,44,Kurigram,R06,2023-06-30,Individual,Occasional
C1306,Customer 1306,Male,38,Narayanganj,R01,2023-02-13,Individual,Regular
C1307,Customer 1307,Female,30,Bhola,R07,2025-03-21,Individual,Occasional
C1308,Customer 1308,Female,38,Mymensingh,R08,2023-05-24,Individual,One-Time
C1309,Customer 1309,Male,51,Habiganj,R05,2023-03-15,Individual,Occasional
C1310,Customer 1310,Male,41,Habiganj,R05,2023-01-09,Business,Regular
C1311,Customer 1311,Male,22,Narayanganj,R01,2023-07-21,Individual,Regular
C1312,Customer 1312,Male,32,Mymensingh,R08,2024-01-17,Individual,Occasional
C1313,Customer 1313,Male,35,Dhaka,R01,2024-02-02,Business,Regular
C1314,Customer 1314,Female,28,Jessore,R04,2023-02-02,Individual,Occasional
C1315,Customer 1315,Female,18,Natore,R03,2024-03-11,Individual,One-Time
C1316,Customer 1316,Male,28,Gazipur,R01,2023-12-01,Individual,Occasional
C1317,Customer 1317,Female,29,Pabna,R03,2023-02-21,Individual,Regular
C1318,Customer 1318,Female,54,Natore,R03,2023-08-31,Individual,Occasional
C1319,Customer 1319,Male,28,Satkhira,R04,2025-10-17,Individual,Frequent
C1320,Customer 1320,Male,23,Satkhira,R04,2023-03-17,Individual,Occasional
C1321,Customer 1321,Male,29,Gazipur,R01,2023-01-13,Individual,Regular
C1322,Customer 1322,Female,51,Sylhet,R05,2023-03-23,Individual,Occasional
C1323,Customer 1323,Male,32,Natore,R03,2024-03-03,Individual,Occasional
C1324,Customer 1324,Male,42,Satkhira,R04,2023-09-24,Individual,Regular
C1325,Customer 1325,Male,18,Kurigram,R06,2023-10-17,Individual,Occasional
C1326,Customer 1326,Female,18,Khulna,R04,2023-02-26,Individual,Occasional
C1327,Customer 1327,Female,21,Cumilla,R02,2023-02-22,Business,Regular
C1328,Customer 1328,Male,31,Pirojpur,R07,2023-08-11,Individual,Occasional
C1329,Customer 1329,Female,37,Gazipur,R01,2023-05-31,Individual,Occasional
C1330,Customer 1330,Male,27,Kurigram,R06,2023-04-26,Business,Regular
C1331,Customer 1331,Male,50,Narayanganj,R01,2023-06-18,Individual,Regular
C1332,Customer 1332,Male,18,Chattogram,R02,2024-02-11,Individual,One-Time
C1333,Customer 1333,Female,51,Dinajpur,R06,2023-03-01,Individual,Regular
C1334,Customer 1334,Female,43,Dhaka,R01,2023-04-29,Individual,Regular
C1335,Customer 1335,Female,18,Cox's Bazar,R02,2025-09-21,Individual,Occasional
C1336,Customer 1336,Male,33,Pabna,R03,2023-01-10,Business,Regular
C1337,Customer 1337,Female,31,Gazipur,R01,2023-06-15,Individual,Regular
C1338,Customer 1338,Female,22,Satkhira,R04,2024-12-26,Individual,Occasional
C1339,Customer 1339,Female,18,Satkhira,R04,2023-02-12,Individual,Regular
C1340,Customer 1340,Male,37,Natore,R03,2023-06-27,Individual,Regular
C1341,Customer 1341,Male,23,Dinajpur,R06,2024-09-29,Individual,Frequent
C1342,Customer 1342,Female,42,Satkhira,R04,2023-11-04,Individual,Occasional
C1343,Customer 1343,Male,35,Narayanganj,R01,2023-06-07,Individual,Occasional
C1344,Customer 1344,Female,38,Narayanganj,R01,2023-12-25,Individual,One-Time
C1345,Customer 1345,Male,23,Mymensingh,R08,2023-05-19,Individual,One-Time
C1346,Customer 1346,Female,34,Dhaka,R01,2023-10-10,Individual,Occasional
C1347,Customer 1347,Female,55,Pirojpur,R07,2023-03-31,Individual,Occasional
C1348,Customer 1348,Female,37,Rajshahi,R03,2024-10-15,Individual,Frequent
C1349,Customer 1349,Male,48,Barishal,R07,2024-06-23,Individual,Occasional
C1350,Customer 1350,Male,24,Khulna,R04,2024-10-30,Individual,Occasional
C1351,Customer 1351,Male,28,Natore,R03,2023-03-16,Individual,Regular
C1352,Customer 1352,Male,26,Jamalpur,R08,2023-12-26,Individual,Regular
C1353,Customer 1353,Male,38,Cumilla,R02,2023-06-28,Individual,Frequent
C1354,Customer 1354,Female,42,Netrokona,R08,2023-10-04,Individual,Frequent
C1355,Customer 1355,Male,43,Kurigram,R06,2024-12-25,Business,One-Time
C1356,Customer 1356,Male,18,Jamalpur,R08,2023-06-23,Individual,One-Time
C1357,Customer 1357,Male,23,Gazipur,R01,2023-12-08,Individual,Occasional
C1358,Customer 1358,Male,31,Khulna,R04,2024-01-31,Individual,One-Time
C1359,Customer 1359,Male,28,Cox's Bazar,R02,2023-11-14,Individual,Occasional
C1360,Customer 1360,Male,18,Pabna,R03,2023-01-05,Business,Regular
C1361,Customer 1361,Male,29,Jamalpur,R08,2023-02-08,Individual,Regular
C1362,Customer 1362,Female,25,Rajshahi,R03,2023-12-10,Individual,Frequent
C1363,Customer 1363,Male,32,Cumilla,R02,2024-04-30,Individual,Occasional
C1364,Customer 1364,Male,25,Dinajpur,R06,2023-07-09,Individual,Occasional
C1365,Customer 1365,Male,25,Khulna,R04,2024-05-17,Individual,Regular
C1366,Customer 1366,Female,38,Kurigram,R06,2024-07-19,Individual,Frequent
C1367,Customer 1367,Male,34,Habiganj,R05,2024-01-06,Individual,Occasional
C1368,Customer 1368,Male,30,Habiganj,R05,2023-09-12,Individual,Regular
C1369,Customer 1369,Female,43,Kurigram,R06,2023-10-12,Individual,Occasional
C1370,Customer 1370,Male,24,Netrokona,R08,2024-01-26,Individual,Occasional
C1371,Customer 1371,Male,23,Narayanganj,R01,2023-05-29,Individual,Occasional
C1372,Customer 1372,Male,27,Barishal,R07,2023-11-21,Business,Occasional
C1373,Customer 1373,Female,31,Barishal,R07,2024-02-23,Individual,Regular
C1374,Customer 1374,Male,43,Pabna,R03,2023-06-02,Individual,Occasional
C1375,Customer 1375,Female,57,Bhola,R07,2024-12-23,Individual,Occasional
C1376,Customer 1376,Male,18,Dhaka,R01,2024-07-21,Individual,Occasional
C1377,Customer 1377,Female,25,Bhola,R07,2023-03-10,Individual,Occasional
C1378,Customer 1378,Female,18,Dinajpur,R06,2023-06-19,Individual,Frequent
C1379,Customer 1379,Female,20,Satkhira,R04,2024-09-13,Individual,One-Time
C1380,Customer 1380,Female,36,Pabna,R03,2023-11-10,Individual,Occasional
C1381,Customer 1381,Male,31,Satkhira,R04,2023-05-05,Individual,Occasional
C1382,Customer 1382,Male,27,Habiganj,R05,2024-10-13,Individual,Occasional
C1383,Customer 1383,Male,19,Pabna,R03,2023-08-25,Individual,Occasional
C1384,Customer 1384,Female,36,Satkhira,R04,2023-04-12,Individual,Occasional
C1385,Customer 1385,Female,25,Cumilla,R02,2023-06-27,Individual,Occasional
C1386,Customer 1386,Male,18,Kurigram,R06,2023-07-12,Business,Regular
C1387,Customer 1387,Female,32,Habiganj,R05,2023-01-25,Individual,Regular
C1388,Customer 1388,Female,33,Cumilla,R02,2023-08-03,Individual,Regular
C1389,Customer 1389,Female,66,Chattogram,R02,2023-12-30,Individual,Occasional
C1390,Customer 1390,Female,21,Cox's Bazar,R02,2023-03-24,Individual,Frequent
C1391,Customer 1391,Female,39,Jamalpur,R08,2024-11-21,Individual,Occasional
C1392,Customer 1392,Male,18,Bhola,R07,2024-12-19,Individual,Occasional
C1393,Customer 1393,Female,32,Mymensingh,R08,2023-02-18,Business,Regular
C1394,Customer 1394,Female,24,Jamalpur,R08,2023-12-12,Individual,Regular
C1395,Customer 1395,Male,39,Barishal,R07,2023-06-01,Individual,Occasional
C1396,Customer 1396,Male,41,Cox's Bazar,R02,2023-08-19,Individual,Occasional
C1397,Customer 1397,Female,18,Rangpur,R06,2023-02-28,Individual,Regular
C1398,Customer 1398,Male,39,Sylhet,R05,2024-10-22,Individual,Regular
C1399,Customer 1399,Male,27,Rajshahi,R03,2025-11-05,Individual,Occasional
C1400,Customer 1400,Female,34,Kurigram,R06,2023-02-01,Individual,Occasional
C1401,Customer 1401,Male,35,Dhaka,R01,2024-07-01,Individual,One-Time
C1402,Customer 1402,Female,18,Netrokona,R08,2025-05-10,Individual,Frequent
C1403,Customer 1403,Female,41,Cumilla,R02,2023-06-29,Individual,Regular
C1404,Customer 1404,Female,35,Sylhet,R05,2023-09-04,Individual,One-Time
C1405,Customer 1405,Female,25,Chattogram,R02,2023-08-25,Individual,Regular
C1406,Customer 1406,Male,27,Chattogram,R02,2025-08-22,Individual,Frequent
C1407,Customer 1407,Female,31,Sylhet,R05,2023-12-30,Individual,Occasional
C1408,Customer 1408,Female,23,Sylhet,R05,2023-01-28,Individual,Regular
C1409,Customer 1409,Male,28,Natore,R03,2024-08-08,Individual,Frequent
C1410,Customer 1410,Female,18,Cox's Bazar,R02,2023-01-27,Individual,Occasional
C1411,Customer 1411,Female,41,Netrokona,R08,2024-03-13,Individual,Frequent
C1412,Customer 1412,Male,27,Habiganj,R05,2023-09-22,Individual,Regular
C1413,Customer 1413,Male,42,Cox's Bazar,R02,2025-09-07,Individual,Occasional
C1414,Customer 1414,Female,36,Kurigram,R06,2024-03-12,Individual,One-Time
C1415,Customer 1415,Male,60,Jessore,R04,2023-03-15,Business,Occasional
C1416,Customer 1416,Male,24,Natore,R03,2024-08-19,Individual,Frequent
C1417,Customer 1417,Female,42,Rangpur,R06,2023-01-12,Individual,One-Time
C1418,Customer 1418,Female,18,Cumilla,R02,2023-09-29,Individual,Regular
C1419,Customer 1419,Female,28,Natore,R03,2023-10-01,Individual,Regular
C1420,Customer 1420,Male,41,Mymensingh,R08,2024-08-23,Individual,Occasional
C1421,Customer 1421,Female,41,Chattogram,R02,2023-11-23,Individual,Regular
C1422,Customer 1422,Male,21,Barishal,R07,2023-07-02,Individual,Occasional
C1423,Customer 1423,Female,22,Rajshahi,R03,2023-06-10,Individual,Frequent
C1424,Customer 1424,Male,43,Bhola,R07,2023-12-06,Individual,Regular
C1425,Customer 1425,Male,21,Satkhira,R04,2023-04-08,Business,One-Time
C1426,Customer 1426,Male,25,Netrokona,R08,2023-11-14,Business,Occasional
C1427,Customer 1427,Male,46,Gazipur,R01,2023-04-01,Individual,Regular
C1428,Customer 1428,Male,50,Dinajpur,R06,2024-07-28,Individual,Frequent
C1429,Customer 1429,Female,19,Mymensingh,R08,2023-07-01,Individual,Regular
C1430,Customer 1430,Female,40,Dhaka,R01,2023-03-09,Individual,Regular
C1431,Customer 1431,Male,31,Pirojpur,R07,2024-04-25,Individual,Frequent
C1432,Customer 1432,Male,27,Chattogram,R02,2023-12-23,Individual,Occasional
C1433,Customer 1433,Female,24,Habiganj,R05,2023-07-31,Individual,One-Time
C1434,Customer 1434,Male,18,Pirojpur,R07,2023-10-19,Individual,Frequent
C1435,Customer 1435,Male,52,Habiganj,R05,2024-11-06,Individual,Regular
C1436,Customer 1436,Female,52,Mymensingh,R08,2023-08-10,Individual,Occasional
C1437,Customer 1437,Male,33,Kurigram,R06,2024-10-19,Individual,Frequent
C1438,Customer 1438,Male,29,Jamalpur,R08,2023-08-04,Individual,Occasional
C1439,Customer 1439,Male,29,Pabna,R03,2023-12-28,Individual,Occasional
C1440,Customer 1440,Female,43,Rangpur,R06,2024-08-31,Individual,One-Time
C1441,Customer 1441,Male,36,Netrokona,R08,2023-11-24,Individual,Occasional
C1442,Customer 1442,Male,50,Sylhet,R05,2023-07-11,Individual,Frequent
C1443,Customer 1443,Male,26,Narayanganj,R01,2023-01-22,Individual,Occasional
C1444,Customer 1444,Male,44,Moulvibazar,R05,2025-09-11,Individual,Occasional
C1445,Customer 1445,Female,45,Pabna,R03,2023-05-30,Individual,Occasional
C1446,Customer 1446,Male,32,Dhaka,R01,2023-10-25,Individual,Regular
C1447,Customer 1447,Female,46,Gazipur,R01,2023-08-07,Individual,One-Time
C1448,Customer 1448,Male,40,Jessore,R04,2023-03-28,Individual,Regular
C1449,Customer 1449,Male,29,Cox's Bazar,R02,2023-12-11,Individual,Frequent
C1450,Customer 1450,Female,47,Gazipur,R01,2023-08-10,Individual,One-Time
C1451,Customer 1451,Male,39,Habiganj,R05,2023-04-30,Individual,Regular
C1452,Customer 1452,Male,27,Bhola,R07,2023-08-18,Individual,Frequent
C1453,Customer 1453,Male,33,Barishal,R07,2024-09-28,Business,Occasional
C1454,Customer 1454,Male,40,Bhola,R07,2024-06-13,Business,Regular
C1455,Customer 1455,Male,43,Pirojpur,R07,2023-03-12,Individual,Occasional
C1456,Customer 1456,Male,20,Chattogram,R02,2023-11-07,Individual,One-Time
C1457,Customer 1457,Female,53,Habiganj,R05,2023-11-28,Individual,Regular
C1458,Customer 1458,Female,36,Cox's Bazar,R02,2025-07-21,Individual,Frequent
C1459,Customer 1459,Female,18,Barishal,R07,2024-10-02,Individual,Frequent
C1460,Customer 1460,Female,35,Cumilla,R02,2024-08-29,Individual,Regular
C1461,Customer 1461,Male,28,Moulvibazar,R05,2023-09-16,Individual,Frequent
C1462,Customer 1462,Male,28,Dhaka,R01,2023-10-14,Individual,Occasional
C1463,Customer 1463,Male,18,Pabna,R03,2023-05-10,Individual,One-Time
C1464,Customer 1464,Male,50,Pabna,R03,2023-03-05,Individual,Occasional
C1465,Customer 1465,Male,56,Jessore,R04,2023-03-30,Individual,Frequent
C1466,Customer 1466,Female,33,Rangpur,R06,2023-12-01,Individual,One-Time
C1467,Customer 1467,Female,36,Pabna,R03,2025-12-17,Individual,One-Time
C1468,Customer 1468,Male,18,Barishal,R07,2023-03-24,Individual,Occasional
C1469,Customer 1469,Male,38,Narayanganj,R01,2023-07-04,Individual,Frequent
C1470,Customer 1470,Female,34,Pabna,R03,2024-08-20,Individual,Regular
C1471,Customer 1471,Male,18,Jessore,R04,2023-10-15,Individual,Occasional
C1472,Customer 1472,Male,58,Jamalpur,R08,2024-08-05,Business,Occasional
C1473,Customer 1473,Female,33,Rangpur,R06,2023-10-01,Individual,Regular
C1474,Customer 1474,Female,39,Dhaka,R01,2024-03-16,Individual,Regular
C1475,Customer 1475,Female,30,Kurigram,R06,2023-10-21,Individual,Occasional
C1476,Customer 1476,Male,42,Cox's Bazar,R02,2023-04-23,Individual,Occasional
C1477,Customer 1477,Male,47,Cox's Bazar,R02,2023-05-03,Individual,Occasional
C1478,Customer 1478,Female,32,Pirojpur,R07,2023-06-23,Individual,Regular
C1479,Customer 1479,Male,34,Cox's Bazar,R02,2023-02-11,Individual,Frequent
C1480,Customer 1480,Female,29,Mymensingh,R08,2023-05-17,Individual,Occasional
C1481,Customer 1481,Female,21,Rangpur,R06,2023-08-30,Individual,Occasional
C1482,Customer 1482,Male,33,Dinajpur,R06,2024-11-03,Individual,Frequent
C1483,Customer 1483,Female,40,Natore,R03,2023-10-03,Individual,Occasional
C1484,Customer 1484,Male,39,Jamalpur,R08,2023-05-04,Individual,Regular
C1485,Customer 1485,Male,43,Khulna,R04,2023-01-08,Individual,Regular
C1486,Customer 1486,Female,45,Pabna,R03,2024-06-25,Individual,Frequent
C1487,Customer 1487,Male,36,Rangpur,R06,2023-03-24,Individual,Regular
C1488,Customer 1488,Male,31,Jamalpur,R08,2023-09-22,Individual,One-Time
C1489,Customer 1489,Female,36,Mymensingh,R08,2024-06-26,Individual,Regular
C1490,Customer 1490,Male,18,Natore,R03,2023-04-14,Individual,Frequent
C1491,Customer 1491,Male,34,Cumilla,R02,2024-03-17,Individual,Occasional
C1492,Customer 1492,Male,18,Kurigram,R06,2023-09-22,Individual,Occasional
C1493,Customer 1493,Male,36,Dinajpur,R06,2023-03-16,Individual,Occasional
C1494,Customer 1494,Male,35,Khulna,R04,2023-05-02,Individual,One-Time
C1495,Customer 1495,Male,31,Narayanganj,R01,2024-04-26,Individual,Occasional
C1496,Customer 1496,Male,32,Dinajpur,R06,2023-03-05,Individual,One-Time
C1497,Customer 1497,Male,30,Bhola,R07,2023-06-15,Individual,One-Time
C1498,Customer 1498,Female,19,Dhaka,R01,2023-05-25,Individual,Occasional
C1499,Customer 1499,Male,31,Habiganj,R05,2023-07-12,Individual,Occasional
C1500,Customer 1500,Female,47,Cox's Bazar,R02,2023-03-05,Individual,Regular
